CompoundID,InChIKey,SMILES,logS,logP,MW
C29,FTOVXSOBNPWTSH-UHFFFAOYSA-N,c1ccc2c(c1)c1cc3ccccc3c3c1c2ccc3,-8.2299995,5.6404,252.309
C1862,HQVZOORKDNCGCK-UHFFFAOYSA-N,Clc1ccc(c(c1)Cl)Cc1cc(ccc1O)C(CC(C)(C)C)(C)C,-8.224437629,7.0036,365.337
C1863,KBNIFDASRCWYGC-GXNXWABVSA-J,Cc1cc(ccc1N/N=C/1\C=Cc2c(C1=O)c(N)c(cc2S(=O)(=O)[O-])S(=O)(=O)[O-])c1ccc(c(c1)C)N/N=C/1\C=Cc2c(C1=O)c(N)c(cc2S(=O)(=O)[O-])S(=O)(=O)[O-].[Na+].[Na+].[Na+].[Na+],-8.212514549,7.738,960.805
C1865,FIERVDLXKNFTPK-UHFFFAOYSA-N,CC(Nc1ccnc2c1ccc(c2)Cl)CN1CCN(CC1)CC(Nc1ccnc2c1ccc(c2)Cl)C,-8.19387684,6.0302,523.5
C1866,BRZHTUISXPQTLF-QYEGGRDRSA-N,CC(CCC[C@H]([C@H]1CC[C@@H]2[C@]1(C)CC[C@H]1[C@H]2C[C@H]([C@@]2([C@]1(C)CC[C@@H](C2)OC(=O)CCC(=O)O)O)OC(=O)C)C)C,-8.180970934,6.5408,562.778
C1867,MRLUSTSQCUMQPV-UHFFFAOYSA-N,N(CC1CCC(CC1)CNCCC1CCCCC1)CCC1CCCCC1.Cl.Cl,-8.178152151,8.2986,435.557
C1868,MKUZQGZKPPDJFJ-UHFFFAOYSA-N,C1CCCCCC(C1)NCC1CCC(CC1)CNC1CCCCCCC1.Cl.Cl,-8.178152151,8.5836,435.557
C1870,UDKVBVICMUEIKS-UHFFFAOYSA-N,CCN(CCCC(Nc1c2cc(OC)ccc2nc2c1ccc(c2)Cl)C)CC.Cl.Cl,-8.15755413,7.6494,472.879
C1873,AHPSBPRPKMMFHX-UHFFFAOYSA-N,C1CCC(CC1)CCNCC1CCC(=CC1)CNCCC1CCCCC1.CC(=O)O.CC(=O)O,-8.135362184,6.7965,480.723
C1882,PRMOCPYCVSHNMG-UHFFFAOYSA-N,BrCCN(c1ccc(cc1)OC(=O)c1ccccc1C(C)C)CCBr,-8.040945873,5.6254,469.21
C38,INISTDXBRIBGOC-BJKOFHAPSA-N,N#C[C@@H](c1cccc(c1)Oc1ccccc1)OC(=O)[C@@H](C(C)C)Nc1ccc(cc1Cl)C(F)(F)F,-8,7.46868,502.913
C1889,ZTACEXAAXMFRGD-UHFFFAOYSA-N,Cc1ccccc1CN1CCN(CC1)CCOC(c1ccccc1Cl)c1ccccc1.Cl.Cl,-7.945376259,7.052,507.923
C1891,VRNDXFKUQLCBRG-UHFFFAOYSA-N,CCCCCCCCCCCCCC(=O)OCCCN1CCCCC1C,-7.903584094,6.4331,367.609
C1893,WPRUOIPXURAXBE-UHFFFAOYSA-N,CN(CCC=C1c2cc(Br)ccc2Sc2c1cc(Br)cc2)C.Cl,-7.901328682,6.8616,475.668
C1895,OYTINQKRJLYRPF-UHFFFAOYSA-N,Brc1ccc(cc1)CNCC1CCC(CC1)CNCc1ccc(cc1)Br.Cl.Cl,-7.899652518,8.2832,553.201
C1896,MMYHZEDBTMXYAF-UHFFFAOYSA-N,Brc1cc(Br)c(c(c1)c1cc(Br)cc(c1O)Br)OP(=O)(O)O,-7.895697951,5.5807,581.771
C1897,GGGATFRVOBEKQO-UHFFFAOYSA-N,Brc1cc(O)c(c(c1)Br)c1c(Br)cc(cc1OP(=O)(O)O)Br,-7.89552185,5.5807,581.771
C1903,VOCBWIIFXDYGNZ-IXKNJLPQSA-N,CCCCCCC(=O)O[C@H]1CC[C@@H]2[C@]1(C)CC[C@H]1[C@H]2CCC2=CC(=O)CC[C@]12C,-7.867914368,6.4005,400.594
C1904,YMSBKLBNDJAACW-UHFFFAOYSA-N,FC(c1ccc2c(c1)N(CCCNCCN1CCOCC1)c1c(S2)cccc1)(F)F.Cl,-7.866203051,5.8158,473.982
C1906,MBHNWCYEGXQEIT-UHFFFAOYSA-N,OCCN1CCN(CC1)CCCN1c2ccccc2Sc2c1cc(cc2)C(F)(F)F.Cl.Cl,-7.829998608,5.8529,510.443
C1908,XRCJOMAARACHTL-UHFFFAOYSA-N,CCCCCCCC(C(=O)OCC)CCCCCCC,-7.821600569,5.8867,284.477
C1910,JJWKNGOUNQRAIP-UHFFFAOYSA-N,BrCCN(c1ccc(cc1)OC(=O)c1ccc(cc1)C(F)(F)F)CCBr,-7.808232024,5.5208,495.128
C1911,TYUMAYSMJLPFAN-UHFFFAOYSA-N,COc1cc(O)c2c(c1)oc(cc2=O)c1ccc(c(c1)c1c(O)cc(c2c1oc(cc2=O)c1ccc(cc1)O)O)O,-7.788082722,5.437,552.484
C1913,GGEQGDSOSYWSPU-UHFFFAOYSA-N,FC(c1ccc2c(c1)N(CCCN1CCN(CC1)CCC1OCCCO1)c1c(S2)cccc1)(F)F.OC(=O)CCC(=O)O.OC(=O)CCC(=O)O,-7.750877566,5.2813,743.787
C1914,WAGUNVVOQBKLDL-UHFFFAOYSA-J,O=S(=O)(c1ccc(cc1)NC(S(=O)(=O)[O-])CC(S(=O)(=O)[O-])c1ccccc1)c1ccc(cc1)NC(S(=O)(=O)[O-])CC(S(=O)(=O)[O-])c1ccccc1.[Na+].[Na+].[Na+].[Na+],-7.730914114,7.989,892.832
C1915,QAZKXHSIKKNOHH-UHFFFAOYSA-N,Clc1ccc2c(c1)N(CCCN1CCC(CC1)(C(=O)N)N1CCCCC1)c1ccccc1CC2,-7.729425753,5.4137,481.073
C1917,ZCTJIMXXSXQXRI-KYJUHHDHSA-N,COc1cc2c(cc1Oc1cc(OC)c(cc1C[C@@H]1N(C)CCc3c1cc(OC)c(c3)OC)OC)C[C@H]1c3c2c(OC)c(OC)cc3CCN1C,-7.726858108,6.9387,696.828
C1918,OGBUMNBNEWYMNJ-UHFFFAOYSA-N,CCCCCCCCCCCCCCCCCCOCC(CO)O,-7.720717358,5.6177,344.572
C1919,APTGJECXMIKIET-WOSSHHRXSA-N,CCCCCCC(=O)O[C@@]1(C#C)CC[C@@H]2[C@]1(C)CC[C@H]1[C@H]2CCC2=CC(=O)CC[C@H]12,-7.701194763,6.0138,410.589
C1922,IQLOSBYZJUGSKB-UHFFFAOYSA-N,C#CC(c1ccc(cc1)F)(c1ccc(cc1)F)OC(=O)NC1CCCCCC1,-7.659416997,5.6815,383.431
C1924,MCCACAIVAXEFAL-UHFFFAOYSA-N,Clc1ccc(c(c1)Cl)COC(c1ccc(cc1Cl)Cl)Cn1cncc1.[O-][N+](=O)O,-7.635134927,6.6303,479.141
C1926,TZYLXYZBEHLNSG-UHFFFAOYSA-N,BrCCN(c1ccc(cc1)OC(=O)c1c(C)cccc1C)CCBr,-7.628808935,5.1188,455.184
C1927,KCKFGJBLLWMFIL-UHFFFAOYSA-L,Clc1ccc(c(c1)S(=O)[O-])c1ccc(c(c1)SSSc1cc(ccc1Cl)c1ccc(cc1S(=O)[O-])Cl)Cl.[Na+].[Na+].O.O.O,-7.624430017,11.0963,766.512
C1930,RMHWROMEMLMRSO-UHFFFAOYSA-N,BrCCN(c1ccc(cc1)OC(=O)c1ccccc1CC)CCBr,-7.582645751,5.0644,455.184
C1932,BYBLEWFAAKGYCD-UHFFFAOYSA-N,Clc1ccc(c(c1)Cl)COC(c1ccc(cc1Cl)Cl)Cn1cncc1,-7.57233652,6.4548,416.129
C1933,PVTZHDYDAGYCAX-UHFFFAOYSA-N,Clc1ccc(cc1)C1CCc2c(N(C1)CCCN(C(C)C)C(C)C)cccc2,-7.567569831,6.4503,399.012
C1943,MDFZYGLOIJNNRM-OAJDADRGSA-N,CC(=O)O[C@H]1C[C@]2([C@H](/C/1=C(/C(=O)O)\CCC=C(C)C)CC[C@@H]1[C@]2(C)C(=O)[C@@H](OC(=O)C)[C@@H]2[C@]1(C)C=CC(=O)[C@H]2C)C,-7.53845872,5.4001,568.698
C1949,UFFFQSODDRXNMI-UHFFFAOYSA-N,CCCCOc1ccc(cc1)OCC(=O)N(c1cc(OCC)ccc1OCC)CCN(CC)CC.Cl,-7.514473886,6.2187,523.104
C1952,CIMQMKORBAJNEC-UHFFFAOYSA-N,CC(=O)OCCN1CCN(CC1)CCCN1c2ccccc2Sc2c1cc(cc2)C(F)(F)F.Cl.Cl,-7.487042507,6.4237,552.48
C1954,CKHJPWQVLKHBIH-ZDSKVHJSSA-N,O=CN(/C(=C(\SS/C(=C(\N(Cc1cnc(nc1N)C)C=O)/C)/CCOC(=O)C(C)C)/CCOC(=O)C(C)C)/C)Cc1cnc(nc1N)C,-7.466676129,7.122,702.888
C1956,ICQVNPHZLORXIG-UHFFFAOYSA-N,Clc1ccc(cc1)C1CCc2c(N(C1=O)CCCN(C(C)C)C(C)C)cccc2,-7.45159931,5.9769,412.995
C1957,BWYQRNCUKAFTOU-UHFFFAOYSA-N,Clc1ccc(c(c1)Sc1ccc(cc1)Cl)NCCCN1CCCC1.Clc1ccc(c(c1)Sc1ccc(cc1)Cl)NCCCN1CCCC1.Cl.Cl.O,-7.449836702,13.6463,853.662
C1958,IWXAZSAGYJHXPX-LYWFMZLMSA-N,O=CN(/C(=C(\SS/C(=C(\N(Cc1cnc(nc1N)C)C=O)/C)/CCOC(=O)c1ccccc1)/CCOC(=O)c1ccccc1)/C)Cc1cnc(nc1N)C,-7.430949347,8.4376,770.92
C1959,QHMBSVQNZZTUGM-ZWKOTPCHSA-N,CCCCCc1cc(O)c(c(c1)O)[C@@H]1C=C(C)CC[C@H]1C(=C)C,-7.412287248,5.8465,314.462
C1963,KFXRYHOEBZEYSV-UHFFFAOYSA-N,C=CCNc1cnnc(c1)N1CCN(CC1)CCC(c1ccccc1)(c1ccccc1)c1ccccc1.Cl.Cl,-7.384698627,7.3011,562.576
C1966,XQDSMZHQEGMUCW-CYBPKNTASA-N,CN(CC/C=C/1\c2cc(Cl)ccc2Sc2c1cc(Br)cc2)C.Cl,-7.372240766,6.7525,431.217
C62,QQODLKZGRKWIFG-ZAAXVRCTSA-N,N#C[C@@H](c1ccc(c(c1)Oc1ccccc1)F)OC(=O)[C@H]1[C@@H](C1(C)C)C=C(Cl)Cl,-7.3400002,6.31708,434.288
C63,QBYJBZPUGVGKQQ-WBJAICTJSA-N,ClC1=C(Cl)[C@@]2(C([C@@]1(Cl)[C@H]1[C@@H]2[C@H]2C[C@@H]1C=C2)(Cl)Cl)Cl,-7.3299999,5.2702,364.91
C1970,CUVMRUIWQBLBEX-UHFFFAOYSA-N,CN(CCC=C1c2cc(Cl)ccc2Sc2c1cc(Cl)cc2)C.Cl,-7.324989339,6.6434,386.766
C1971,FFRDTEGDTSKBIT-UHFFFAOYSA-N,C=CCNc1cnc(nc1)N1CCN(CC1)CCC(c1ccccc1)(c1ccccc1)c1ccccc1,-7.324412843,5.6971,489.654
C65,WQLVFSAGQJTQCK-MIRLUMJSSA-N,C[C@H]1CC[C@@]2(OC1)O[C@@H]1[C@H]([C@@H]2C)[C@@]2([C@@H](C1)[C@@H]1CC=C3[C@]([C@H]1CC2)(C)CC[C@@H](C3)O)C,-7.3200002,5.7139,414.621
C66,ZFHGXWPMULPQSE-OVGMLNDJSA-N,O=C([C@@H]1[C@H](C1(C)C)/C=C(/C(F)(F)F)\Cl)OCc1c(F)c(F)c(c(c1F)F)C,-7.3200002,5.5518,418.734
C67,CPMZWWWXIWHTMU-IAWOBFGDSA-N,C[C@H]1CO[C@H]2[C@H](C1)O[C@H]1[C@@](C2)(C)[C@@]2([C@@H](C1)[C@@H]1C=C3C[C@H](O)CC[C@]3(C[C@H]1CC2)C)C,-7.3200002,5.5088,414.621
C1977,AVCQZLIKYAQLME-UHFFFAOYSA-N,BrCCN(c1ccc(cc1)OC(=O)c1ccc(cc1)Cl)CCBr,-7.291333098,5.1554,461.575
C69,LWLJUMBEZJHXHV-UHFFFAOYSA-N,ClC1=C(Cl)C(=C([C@]1(Cl)[C@]1(Cl)C(=C(C(=C1Cl)Cl)Cl)Cl)Cl)Cl,-7.2800002,7.7256,474.637
C1978,KQUFNWNGQCSKFH-UHFFFAOYSA-N,CN1CCC(CC1)OC(=O)C1CCc2c1ccc(c2)C1CCCCC1.Cl,-7.267807629,5.1414,377.948
C1979,WBWUPLAUZIIRBV-UHFFFAOYSA-N,CC(N(C(C)C)CCSCCOC(=O)N1c2ccccc2Sc2c1nccc2)C.Cl,-7.267191223,6.5399,468.076
C1980,OWMPDOOBDJGPDB-UHFFFAOYSA-N,Brc1ccc(nc1)OCCCNCCSSCCNCCCOc1ccc(cn1)Br.Cl.Cl,-7.260027536,7.186,653.322
C71,BXWNKGSJHAJOGX-UHFFFAOYSA-N,CCCCCCCCCCCCCCCCO,-7.2600002,5.46,242.441
C1982,FYXWDSGGZAMYFZ-UHFFFAOYSA-N,CC[n+]1c(/C=C/C=C/C=c\2/sc3c(n2CC)cccc3)sc2c1cccc2,-7.252366416,5.576,391.572
C1983,SZEGKVHRCLBFKJ-UHFFFAOYSA-N,CCCCCCCCCCCCCCCCCCNC,-7.243105463,6.8582,283.536
C1986,KSZBMSJSJFZGRF-UHFFFAOYSA-N,OC(=O)Cc1cc(I)c(c(c1)I)Oc1ccc(c(c1)C(C)C)O,-7.23256858,5.1442,538.115
C1989,GXDALQBWZGODGZ-UHFFFAOYSA-N,COc1ccc(cc1)CCN1CCC(CC1)Nc1nc2c(n1Cc1ccc(cc1)F)cccc2,-7.22414125,5.3622,458.57
C1990,MMDHGCAJSAUDDC-UHFFFAOYSA-N,CCOc1nc(ncc1C(=O)O)N1CCN(CC1)CCC(c1ccccc1)(c1ccccc1)c1ccccc1,-7.222665778,5.1231,522.637
C75,AHJKRLASYNVKDZ-UHFFFAOYSA-N,ClC(C(c1ccc(cc1)Cl)c1ccc(cc1)Cl)Cl,-7.1999998,5.929,320.041
C1992,KWDNTYRMVNFPGJ-UHFFFAOYSA-N,C1CCC(CC1)CCNC1CCC(CC1)NCCC1CCCCC1.CC(=O)O.CC(=O)O,-7.189373813,6.3812,454.686
C1993,JLRNKCZRCMIVKA-UHFFFAOYSA-N,O=C(C(Oc1ccc(cc1)Cl)(C)C)OCCCOC(=O)C(Oc1ccc(cc1)Cl)(C)C,-7.182668824,5.4849,469.355
C1994,XMVQWNRDPAAMJB-QGZVFWFLSA-N,OC(=O)CCCCCCCCCCCC[C@@H]1C=CCC1,-7.179514628,5.7184,280.445
C1997,BAYSQTBAJQRACX-UHFFFAOYSA-N,CCCCCCCCCCCCOC(=O)c1ccc(cc1)O,-7.172486751,5.4699,306.44
C2003,RHPGONJTJILALS-UHFFFAOYSA-N,CC(C(c1ccccc1)(c1ccccc1)c1ccccc1)CN1CCN(CC1)c1ncccn1.COS(=O)(=O)O.COS(=O)(=O)O,-7.151200126,6.305,672.812
C77,YVGGHNCTFXOJCH-UHFFFAOYSA-N,ClC(C(c1ccc(cc1)Cl)c1ccc(cc1)Cl)(Cl)Cl,-7.1500001,6.4955,354.486
C2006,PUEDRVOCLLHKQK-UHFFFAOYSA-N,N(CC1CCCCC1)CC1CCC(CC1)CNCC1CCCCC1.Cl.Cl,-7.141788809,7.5184,407.504
C2007,DTNBCRXQERFIGT-UHFFFAOYSA-N,C1CCCCC(C1)NCC1CCC(CC1)CNC1CCCCCC1.Cl.Cl,-7.141788809,7.8034,407.504
C2012,JQIYNMYZKRGDFK-RUFWAXPRSA-N,CCC(=O)Oc1ccc2c(c1)CC[C@@H]1[C@@H]2CC[C@]2([C@H]1CC[C@@H]2OC(=O)CC)C,-7.133127969,5.1799,384.508
C2013,GPKJTRJOBQGKQK-UHFFFAOYSA-N,CCN(CCCC(Nc1c2cc(OC)ccc2nc2c1ccc(c2)Cl)C)CC,-7.131315398,6.0454,399.957
C2015,ANLDLZZUCDUNDH-UHFFFAOYSA-N,N(CC1CC2CC1CC2)CC1CCC(CC1)CNCC1CC2CC1CC2.Cl.Cl,-7.121793393,7.2302,431.526
C2016,WDRFFJWBUDTUCA-UHFFFAOYSA-N,N/C(=N\CCCCCC/N=C(/N=C(/Nc1ccc(cc1)Cl)\N)\N)/N=C(/Nc1ccc(cc1)Cl)\N.CC(=O)O.CC(=O)O,-7.119572605,6.4656,625.551
C2020,JYWIYHUXVMAGLG-UHFFFAOYSA-N,Clc1cc(NC(=O)c2c(O)c(Cl)cc(c2Cl)Cl)c(c(c1)Cl)O,-7.106005414,5.6901,401.457
C2021,XAZLLTCLHJFEHD-UHFFFAOYSA-N,C1CCC(CC1)CNCC1CCC(=CC1)CNCC1CCCCC1.CC(=O)O.CC(=O)O,-7.101908271,6.0163,452.67
C2022,VZLSHAUEBAEMHM-UHFFFAOYSA-N,COc1cc(NC(CCCN(C)C)C)c2c(c1)cc1c(n2)ccc(c1)Cl,-7.099144977,5.2652,371.904
C2025,WJLVQTJZDCGNJN-UHFFFAOYSA-N,N/C(=N\CCCCCC/N=C(/N=C(/Nc1ccc(cc1)Cl)\N)\N)/N=C(/Nc1ccc(cc1)Cl)\N.Cl.Cl,-7.085510632,7.8878,578.368
C2028,PYTMYKVIJXPNBD-OQKDUQJOSA-N,OC(=O)C(CC(=O)O)(CC(=O)O)O.CCN(CCOc1ccc(cc1)/C(=C(/c1ccccc1)\Cl)/c1ccccc1)CC,-7.074335271,5.3141,598.083
C2029,RDOIQAHITMMDAJ-UHFFFAOYSA-N,Clc1ccc(cc1)C1(O)CCN(CC1)CCC(C(=O)N(C)C)(c1ccccc1)c1ccccc1,-7.070889921,5.0259,477.038
C2031,XNWKPZJCRBUXIU-UHFFFAOYSA-N,CC1CCCC(C1)NCC1CCC(CC1)CNC1CCCC(C1)C.CC(=O)O.CC(=O)O,-7.063328593,6.093,454.686
C2037,AXISYYRBXTVTFY-UHFFFAOYSA-N,CCCCCCCCCCCCCC(=O)OC(C)C,-7.0447084,5.6391,270.451
C2043,ZPIZOEMTEYVDGD-UHFFFAOYSA-N,CCCCCCCCCCCCCCCCCCNCCSS(=O)(=O)O,-7.03038987,7.8452,409.69
C2047,ZQWBGSZBBGYKNV-UHFFFAOYSA-N,CCOc1ccc(cc1)N=C(Nc1ccc(cc1)OC)Nc1ccc(cc1)OC.Cl,-7.024990344,6.2622,427.924
C2049,DFBQRUOKBUEDCF-UHFFFAOYSA-N,C1CCC(=CC1)CNCC1CCC(CC1)CNCC1=CCCCC1.CC(=O)O.CC(=O)O,-7.01536361,5.9364,450.654
C2050,UBCDCHSRDTZLLP-UHFFFAOYSA-N,CCCCOc1ccc(cc1)OCC(=O)N(c1c(C)cccc1C)CCN(C)C.Cl,-7.012153881,5.2579,434.999
C2052,GUTINEQUFDFTSC-UHFFFAOYSA-N,c1ccc2c(c1)C(NCC1CCC(=CC1)CNC1CCc3c1cccc3)CC2.Cl.Cl,-6.99464385,7.6529,445.468
C2054,RIGPVBUAGOURJC-UHFFFAOYSA-N,O=C(N1c2ccccc2Sc2c1nccc2)OCCOCCCN1CCCCC1.Cl,-6.987625722,5.5184,449.994
C2055,YZXBAPSDXZZRGB-DOFZRALJSA-N,CCCCC/C=C\C/C=C\C/C=C\C/C=C\CCCC(=O)O,-6.986482276,6.2167,304.467
C2056,PWZUUYSISTUNDW-VAFBSOEGSA-N,C#C[C@]1(O)CC[C@@H]2[C@]1(C)CC[C@H]1[C@H]2CCc2c1ccc(c2)OC1CCCC1,-6.983895731,5.2284,364.52
C2058,OLEYTRFQBFZKGQ-SPIKMXEPSA-N,Clc1ccccc1CNCC1CCCC(C1)CNCc1ccccc1Cl.OC(=O)/C=C\C(=O)O.OC(=O)/C=C\C(=O)O,-6.973995178,5.8846,623.521
C2059,YWQGBCXVCXMSLJ-UHFFFAOYSA-N,CCOC(=O)C(Oc1ccc(cc1)Cc1ccc(cc1)Cl)(CC)C,-6.968201328,5.0414,346.848
C2072,IEMOYEITSSERMC-UHFFFAOYSA-N,O=C(N1c2ccccc2Sc2c1nccc2)OCCCN1CCCCC1.Cl,-6.906032391,5.5018,405.941
C87,UCNVFOCBFJOQAL-UHFFFAOYSA-N,ClC(=C(c1ccc(cc1)Cl)c1ccc(cc1)Cl)Cl,-6.9000001,6.1879,318.025
C89,IAKOZHOLGAGEJT-UHFFFAOYSA-N,COc1ccc(cc1)C(C(Cl)(Cl)Cl)c1ccc(cc1)OC,-6.8899999,5.2059,345.648
C2075,SLKLQAMVBKKGMQ-UHFFFAOYSA-N,C=CCc1cc(cc(c1O)CN(CC)CC)c1cc(CC=C)c(c(c1)CN(CC)CC)O.Cl.Cl,-6.885678391,7.5094,509.551
C2081,LQBRFFKRJLTQIJ-UHFFFAOYSA-N,CCCCCC1=CC=C(C2C1OC(C)(C)C1C2C=C(C=C1)C)O,-6.865728364,5.4907,314.462
C91,BIWJNBZANLAXMG-GPTKHRSPSA-N,Cl[C@@H]1C[C@H]2[C@@H]([C@H]1Cl)[C@]1(C([C@]2(Cl)C(=C1Cl)Cl)(Cl)Cl)Cl,-6.8600001,5.6828,409.779
C2087,KFDCKHFUEWIBFZ-UHFFFAOYSA-N,Clc1ccc(cc1)CNCC1CCC(CC1)CNCc1ccc(cc1)Cl.Cl.Cl,-6.845936943,8.065,464.299
C2090,XCTYLCDETUVOIP-UHFFFAOYSA-N,CCSc1ccc2c(c1)N(CCCN1CCN(CC1)C)c1c(S2)cccc1,-6.83537768,4.9796,399.616
C2094,UPHWVVKYDQHTCF-UHFFFAOYSA-N,CC(=O)O.CCCCCCCCCCCCCCCCCCN,-6.829526532,6.9978,329.561
C2095,TUTHZCGVRIGJOK-HABIVSBTSA-N,OCCN1CCN(CC1)CC/C=C/1\c2cc(Cl)ccc2Sc2c1cc(Br)cc2.Cl.Cl,-6.828206792,6.4786,552.783
C2098,NRFGEDASJHBPPN-UHFFFAOYSA-N,CC(=O)Oc1c(Br)cc(cc1C(=S)Nc1ccc(cc1)Br)Cl,-6.815467205,5.6509,463.571
C92,IPCSVZSSVZVIGE-UHFFFAOYSA-N,CCCCCCCCCCCCCCCC(=O)O,-6.8099999,5.5523,256.424
C2099,KETJZVQYVUKNHG-UHFFFAOYSA-N,Clc1ccc(c(c1)Sc1ccc(cc1)Cl)NCCCN1CCCCC1.Cl,-6.807957607,7.2454,431.85
C2100,GJFGPQLNCBQNPS-UHFFFAOYSA-N,COc1cc2c(cc1OC)CCN(C2CCc1ccc(cc1)Cl)CC=C(C)C,-6.804055841,5.7933,399.954
C94,GVYLCNUFSHDAAW-DYXRAMCBSA-N,Cl[C@]12C(Cl)(Cl)[C@@]3([C@@]4([C@@]1(Cl)[C@@]1([C@@]2(Cl)[C@]3([C@]4(C1(Cl)Cl)Cl)Cl)Cl)Cl)Cl,-6.8000002,6.223,545.543
C2101,APZDIQXJAZNFJM-UHFFFAOYSA-N,CC(OC(=O)N1c2ccccc2Sc2c1nccc2)CN(C(C)C)C(C)C.Cl,-6.799869877,6.1952,421.984
C2102,DNFFUBYXDRGKLH-UHFFFAOYSA-N,[O-][N+](=O)c1cc([N+](=O)[O-])c(c(c1)[N+](=O)[O-])O.CCCCOc1ccc(cc1)OCC(=O)N(c1ccc(cc1)OC)C(CN(CC)CC)C,-6.793754166,7.7028,671.695
C2107,LFTDPULWBZMYIZ-UHFFFAOYSA-N,O=C(Nc1cc(Cl)ccc1Sc1ccc(cc1)Cl)CCN1CCCCC1,-6.784745668,5.97,409.372
C2108,KCGUXDJRVTZQAT-UHFFFAOYSA-N,O=C(Nc1ccc(cc1Sc1ccc(cc1)Cl)Cl)CCN1CCCCC1,-6.784745668,5.97,409.372
C95,PWNAWOCHVWERAR-UHFFFAOYSA-N,CCN(c1c(cc(cc1[N+](=O)[O-])C(F)(F)F)[N+](=O)[O-])Cc1c(F)cccc1Cl,-6.7800002,6.3872,421.731
C2117,YGRPUMAHIJPCOE-UHFFFAOYSA-N,Clc1ccccc1CNCC1CCC(=CC1)CNCc1ccccc1Cl.Cl.Cl,-6.758570063,7.9851,462.283
C2118,HLPPSQPFFGNHHE-HKUYNNGSSA-N,CCN([C@H]1CCN(C1)[C@H]1Cc2ccccc2Sc2c1cc(Cl)cc2)C,-6.755415122,5.0523,372.955
C2119,HLPPSQPFFGNHHE-MJGOQNOKSA-N,CCN([C@@H]1CCN(C1)[C@H]1Cc2ccccc2Sc2c1cc(Cl)cc2)C,-6.755415122,5.0523,372.955
C2120,HLPPSQPFFGNHHE-IEBWSBKVSA-N,CCN([C@@H]1CCN(C1)[C@@H]1Cc2ccccc2Sc2c1cc(Cl)cc2)C,-6.755415122,5.0523,372.955
C2121,HLPPSQPFFGNHHE-PKOBYXMFSA-N,CCN([C@H]1CCN(C1)[C@@H]1Cc2ccccc2Sc2c1cc(Cl)cc2)C,-6.755415122,5.0523,372.955
C2122,FQNNIZDWNAHSKK-UHFFFAOYSA-N,N(CC1CCCC=C1)CC1CCC(CC1)CNCC1CCCC=C1.Cl.Cl,-6.745479711,7.0704,403.472
C2123,VBGLYOIFKLUMQG-UHFFFAOYSA-N,CCCCCc1cc(O)c2c(c1)OC(c1c2cc(C)cc1)(C)C,-6.741542243,5.7278,310.43
C2124,DRLLEHPFGRESBT-UHFFFAOYSA-N,CC(=O)OCCN1CCN(CC1)CCCN1c2ccccc2Sc2c1cc(Cl)cc2.Cl.Cl,-6.736009183,6.0583,518.927
C2127,FLKWNFFCSSJANB-UHFFFAOYSA-N,CCC(=O)n1c(=O)n(c2c1cccc2)C1CCN(CC1)CCC(c1ccccc1)(c1ccccc1)C#N,-6.73005063,5.32798,492.611
C2128,BXHWNSFNMHETHT-UHFFFAOYSA-N,CS(=O)(=O)O.CS(=O)(=O)O.Nc1nccnc1N1CCN(CC1)CCC(c1ccccc1)(c1ccccc1)c1ccccc1,-6.72821982,6.3592,641.801
C2129,TZWQBGUNOCNPLF-UHFFFAOYSA-N,Brc1ccc(nc1)SCCCCCCCCCCN1CSCC1.Cl.Cl,-6.728166956,7.6052,490.392
C2130,NYVYQBXTIUYRRP-UHFFFAOYSA-N,N(CC1CC2CC1C=C2)CC1CCC(CC1)CNCC1CC2CC1C=C2.Cl.Cl,-6.726759709,6.7822,427.494
C2131,TXVGQCHMEAUKDG-YGICXTQQSA-N,Oc1ccc2c(c1)[C@]13CCCC[C@H]3[C@@H](C2)N(CC1)CCC1=CCCCC1.Cl,-6.725499911,6.081,387.986
C2132,QETMIYRHIXHGJK-MHTZHOPKSA-N,CCN(CC/N=c/1\cc2c(cc1Nc1ccc(cc1)Cl)nc1c(n2c2ccc(cc2)Cl)cccc1)CC,-6.712689826,7.5446,530.491
C97,YJDYCULVYZDESB-HKQXQEGQSA-N,O=C1CC[C@@H]2[C@]1(C)CC[C@H]1[C@H]2CC[C@@H]2[C@]1(C)CCCC2,-6.6999998,4.9883,274.441
C2136,JIOPMQJPYHJGJA-UHFFFAOYSA-N,CCCCC1=CC(N(C(C1)(C)C)C(=O)CN(Cc1ccccc1)C)(C)C,-6.699645307,4.9624,356.545
C2139,GUGOEEXESWIERI-UHFFFAOYSA-N,OC(c1ccc(cc1)C(C)(C)C)CCCN1CCC(CC1)C(c1ccccc1)(c1ccccc1)O,-6.690025778,6.3837,471.673
C2143,SHTAFWKOISOCBI-UHFFFAOYSA-N,CCOC(=O)C1(CCN(CC1)CCC(c1ccccc1)(c1ccccc1)C#N)c1ccccc1.Cl,-6.676521367,6.22318,489.048
C2144,KVNCMNVGQHEHGC-UHFFFAOYSA-N,CC(N(C(C)C)CCSC(=O)N1c2cccnc2Sc2c1cccc2C(F)(F)F)C,-6.674466653,6.7401,455.56
C2145,FRQSLQPWXFAJFO-UHFFFAOYSA-N,CCOCOC(=O)c1ccccc1Nc1c(Cl)ccc(c1Cl)C,-6.665790559,5.2692,354.228
C2149,RSXZRFHNNTTWCB-UHFFFAOYSA-N,CN1CCCC(C1)CC1c2ccccc2Sc2c1cccc2.Cl,-6.661040007,5.7549,345.929
C2151,IHUNBGSDBOWDMA-AQFIFDHZSA-N,COc1cc(C)c(c(c1C)C)/C=C/C(=C/C=C/C(=C/C(=O)O)/C)/C,-6.651070519,5.167,326.429
C2155,GVOUFPWUYJWQSK-UHFFFAOYSA-N,CC(=O)Oc1ccc(cc1)C(=C1CCCCC1)c1ccc(cc1)OC(=O)C,-6.62420966,5.3032,364.434
C2156,HWLKAQICMUZYAG-UHFFFAOYSA-N,C1CCC(CC1)NCC1CCC(CC1)CNCC1CCCCC1.Cl.Cl,-6.623184165,7.2708,393.478
C102,LFVLUOAHQIVABZ-UHFFFAOYSA-N,COP(=S)(Oc1cc(Cl)c(cc1Cl)I)OC,-6.6199999,5.1447,412.997
C2158,BTFMCMVEUCGQDX-UHFFFAOYSA-N,OCCC1CCN(CC1)CCCN1c2ccccc2Sc2c1cc(cc2)C(=O)C,-6.603942653,4.9793,410.572
C2160,YRPPIMNBOSCROA-UHFFFAOYSA-L,[O-]S(=O)(=O)[O-].CCCCN(C(=O)OCC[N+](CC)(C)C)CCCC.CCCCN(C(=O)OCC[N+](CC)(C)C)CCCC,-6.600804051,5.9858,642.932
C2161,NYFGFEHEOLLIMX-UHFFFAOYSA-N,CCCCOc1ccc(cc1)OCC(=O)N(c1cccc(c1)OC)CCN1CCCCC1.Cl,-6.595771238,5.5119,477.036
C2164,XMLGEAMAMPIBRC-UHFFFAOYSA-N,Nc1ccc(nn1)N1CCN(CC1)CCC(c1ccccc1)(c1ccccc1)c1ccccc1,-6.573646979,5.1896,449.59
C2179,YGGWVLPESBDDGW-UHFFFAOYSA-N,CN(CCCN1c2cc(Cl)ccc2Sc2c1cc(O)c(c2)O)C.Cl,-6.538850779,5.1726,387.324
C2188,BYTVUZSLDOOEOJ-UHFFFAOYSA-N,c1ccc(cc1)C(c1ccccc1)(c1ccccc1)CCN1CCN(CC1)c1cnccn1,-6.51750281,5.0262,434.575
C2190,NOAOISNWUKHGKB-UHFFFAOYSA-N,CCCCCCCCCCCCCCCCCNCCSS(=O)(=O)O,-6.510963425,7.4551,395.664
C2193,KJTKQMGARPGBEV-UHFFFAOYSA-N,Clc1ccccc1CCNC1CCC(CC1)NCCc1ccccc1Cl.CC(=O)O.CC(=O)O,-6.507434937,6.2326,511.481
C111,NEKOXWSIMFDGMA-UHFFFAOYSA-N,CCCN(c1c(cc(cc1[N+](=O)[O-])C(C)C)[N+](=O)[O-])CCC,-6.4899998,5.2992,309.361
C2198,XURCMZMFZXXQDJ-UKNJCJGYSA-N,CCCCCC(=O)O[C@@]1(CC[C@@H]2[C@]1(C)CC[C@H]1[C@H]2CCC2=CC(=O)CC[C@H]12)C(=O)C,-6.488247037,5.5795,414.578
C2202,QIFHNTOKFMLIEO-UHFFFAOYSA-N,OCCN1CCN(CC1)CCC=C1c2cc(Cl)ccc2Sc2c1cc(Cl)cc2.Cl.Cl,-6.475690839,6.3695,508.332
C2204,POAXZLNEIRHMQK-UHFFFAOYSA-N,CCCCOc1ccc(cc1)OCC(=O)N(c1ccc(cc1OC)OC)CCN(CC)CC.Cl,-6.471938743,5.4385,495.051
C2205,FPKXTKCPROWUMS-UHFFFAOYSA-N,CCCCOc1ccc(cc1)OCC(=O)N(c1cc(OC)ccc1OC)CCN(CC)CC.Cl,-6.471938743,5.4385,495.051
C2206,WZUMCRQKXQMYEY-UHFFFAOYSA-N,COc1cc2c(cc1OC)CCN(C2CCc1ccc(c(c1Cl)Cl)Cl)C,-6.471659417,5.7637,414.753
C2210,FEUBUXUFKHXRKO-UHFFFAOYSA-N,O=C(N1c2ccccc2Sc2c1nccc2)OCCOCCN1CCCCC1.Cl,-6.466267359,5.1283,435.967
C2211,ITYHHDFUDHMOMP-UHFFFAOYSA-N,COC1(CCC(CC1)NCCCC(=O)c1ccc(cc1)F)c1cccc(c1)C(F)(F)F.Cl,-6.46620561,7.0744,473.931
C2215,QTRALMGDQMIVFF-UHFFFAOYSA-N,CCOCCN(C(=O)C(Cl)Cl)Cc1ccc(cc1)Oc1ccc(cc1)[N+](=O)[O-],-6.448866965,5.0791,427.278
C2217,FOQGDCBIMVXYSR-UHFFFAOYSA-N,CCN(CCOC(=O)N1c2ccccc2Sc2c1cccc2)CC.Cl,-6.435527009,5.6347,378.916
C2236,KCCCWBMAYXETHM-UHFFFAOYSA-N,Cc1ccc(cc1)CNCC1CCC(CC1)CNCc1ccc(cc1)C.Cl.Cl,-6.3912901,7.375,423.462
C2238,SHGAZHPCJJPHSC-XFYACQKRSA-N,C/C(=C\C=C\C(=C/C(=O)O)\C)/C=C/C1=C(C)CCCC1(C)C,-6.377390085,5.6026,300.435
C2240,SHGAZHPCJJPHSC-YCNIQYBTSA-N,C/C(=C\C=C\C(=C\C(=O)O)\C)/C=C/C1=C(C)CCCC1(C)C,-6.376357279,5.6026,300.435
C2244,AMHPDAAVNPTIAH-UHFFFAOYSA-N,CCN(CCSCCOC(=O)N1c2ccccc2Sc2c1nccc2)CC.Cl,-6.353434844,5.7629,440.022
C116,REIUXOLGHVXAEO-UHFFFAOYSA-N,CCCCCCCCCCCCCCCO,-6.3499999,5.0699,228.414
C2246,DEGBQQPZHARPFX-UHFFFAOYSA-N,CNC(CC12CC3(C)CC(C2c2ccccc2)CC(C1)(C3)C)C.Cl,-6.348418465,6.5676,347.965
C2247,NKANXQFJJICGDU-QPLCGJKRSA-N,CC/C(=C(\c1ccccc1)/c1ccc(cc1)OCCN(C)C)/c1ccccc1,-6.348311865,5.9961,371.515
C2248,BVWRBIHNYFOGFB-UHFFFAOYSA-N,C1CCC(CC1)NCC1Cc2c(C1)c1Cc2cc1CNC1CCCCC1.Cl.Cl,-6.345579953,7.036,425.478
C2249,HVZBLYFIPJDENZ-UHFFFAOYSA-N,CC1CCCCN1CCCOC(=O)c1ccc(cc1)C1CCCCC1,-6.342816038,5.0935,343.503
C2252,GTKDEBRRAOOCCY-UHFFFAOYSA-N,ClCCN(C(=O)NC1CCCCCCCCCCC1)N=O,-6.334620474,4.9824,317.855
C2255,HBFZMCOXWWZMGL-UHFFFAOYSA-N,CCCCCOc1ccc2c(c1)[nH]c1c2ccnc1C.Cl,-6.331752251,5.3955,304.814
C2257,FRTVWNBCUKELQF-UHFFFAOYSA-N,OC(=O)C(=O)O.CCC(=O)N(C(CN1CCC(CC1)c1ccccc1)C)Cc1ccccc1.CCC(=O)N(C(CN1CCC(CC1)c1ccccc1)C)Cc1ccccc1,-6.329005691,8.418,819.082
C2258,AJCAAYFLWRSTJO-UHFFFAOYSA-N,OC(=O)C(=O)O.CCC(=O)N(CC(N1CCC(CC1)c1ccccc1)C)Cc1ccccc1.CCC(=O)N(CC(N1CCC(CC1)c1ccccc1)C)Cc1ccccc1,-6.329005691,8.418,819.082
C118,FRCCEHPWNOQAEU-BRXBUPTESA-N,Cl[C@H]1C=C[C@H]2[C@@H]1[C@]1(Cl)C(=C([C@]2(C1(Cl)Cl)Cl)Cl)Cl,-6.3200002,5.2415,373.318
C2263,OHEKTOKJOFXXFV-UHFFFAOYSA-N,CNC(CC12CC3CC(C1)CC(C2C1CCCCC1)C3)C.Cl,-6.317271318,6.2001,325.96
C2270,WLFCZUKGFJNFQY-UHFFFAOYSA-N,CS(=O)(=O)O.CN1CCN(CC1)CCCN1c2ccccc2Sc2c1cc(Cl)cc2,-6.295560632,5.1058,470.048
C2271,WGOLRGXJPQEOEH-UHFFFAOYSA-N,CNCC1CCC2(C1)c1ccccc1C=Cc1c2cccc1.Cl,-6.29294962,5.6689,325.875
C2283,JLZIDTSPQVEYJQ-UHFFFAOYSA-N,SCCNCCCCCCCCCCOc1ccc(cn1)Br.Cl,-6.26190481,6.056,425.855
C2286,HGHUDOBKZDREKS-UHFFFAOYSA-N,CCC1(CC)OC(c2c1cccc2)(CCCN(C)C)c1ccccc1C.Cl,-6.260443168,6.4279,387.986
C2287,JCDADBBKUHSPFI-UHFFFAOYSA-N,COC1CCN(CC1)CCCN1c2ccccc2Sc2c1cc(cc2)C(=O)C,-6.259840376,4.9957,396.546
C2290,SZLXDDJXOGZPON-RZWQWLLSSA-N,CSc1ccc(cc1)C(=O)CN1CC[C@@]23[C@H]([C@H]1Cc1c3cc(cc1)O)CCCC2.Cl,-6.252960633,5.7953,444.029
C128,WWJZWCUNLNYYAU-UHFFFAOYSA-N,COP(=S)(Oc1ccc(cc1)Sc1ccc(cc1)OP(=S)(OC)OC)OC,-6.2399998,6.9312,466.469
C2292,QAQQSUVDOHQMHB-UHFFFAOYSA-N,CCCCCCOc1ccc(cc1)C(=O)OCCCN1CCCCC1C,-6.233857081,5.0049,361.518
C2293,QXMJKFZFEVGIQU-UHFFFAOYSA-N,CN(c1ccc(cc1)CNCC1CCC(CC1)CNCc1ccc(cc1)N(C)C)C.Cl.Cl.Cl.Cl,-6.231991559,8.4942,554.466
C2294,ZIIRLGTXQOPAQY-LIXABZRUSA-N,COc1ccc(cc1)CCN1CC[C@@]23[C@H]([C@H]1Cc1c3cc(cc1)OC)CCCC2.Cl,-6.230056419,5.7448,428.007
C2295,KBPCUJVKCFELBB-UHFFFAOYSA-N,Ic1ccc(nc1)SCCCCCCCCN1CCSC1.Cl,-6.229139405,5.8651,472.879
C2298,RXTQHQMDNHGEEW-UHFFFAOYSA-N,Brc1ccc(nc1)OCCNCCSSCCNCCOc1ccc(cn1)Br.Cl.Cl,-6.218568853,6.4058,625.269
C2299,ZYFPOJDYNPQXHJ-ZPMIJRNTSA-N,[O-][N+](=O)c1ccc(cc1)CCN1CC[C@@]23[C@H]([C@H]1Cc1c3cccc1)CCCC2.Cl,-6.217965886,6.159,412.952
C2300,AXTGDCSMTYGJND-UHFFFAOYSA-N,CCCCCCCCCCCCN1CCCCCC1=O,-6.217729346,5.2478,281.477
C2301,KTFMYEBLIXUAHY-HDPAMLMOSA-N,CC/C(=N\C(=O)C)/C(c1ccccc1)(c1ccccc1)CC(N(C)C)C.Cl,-6.212922206,5.5124,386.958
C2302,XQCPFIQSRCZCMP-HDPAMLMOSA-N,CC/C(=N\C(=O)C)/C(c1ccccc1)(c1ccccc1)C(CN(C)C)C.Cl,-6.212922206,5.3699,386.958
C2304,XCXKZBWAKKPFCJ-UHFFFAOYSA-N,CCCCCCCCCCCCCCC(=O)C,-6.204899204,5.6666,240.425
C2306,ZDLVTABGUOVWRV-UHFFFAOYSA-N,Clc1ccc(nc1)OCCCNCCSSCCNCCCOc1ccc(cn1)Cl.Cl.Cl,-6.201363277,6.9678,564.42
C2307,FVJXQULTXSAVRF-UHFFFAOYSA-N,Clc1cnc2c(c1)N(C(=O)SCCN(C(C)C)C(C)C)c1c(S2)cccc1.Cl,-6.19443382,7.1767,458.468
C2314,RLCFKYRNUBRPIK-UHFFFAOYSA-N,CN1CCCC(C1)CN1c2ccccc2Sc2c1cccc2.Cl,-6.188043051,5.436,346.917
C2315,FFWNQTREFJXEEJ-UHFFFAOYSA-N,CCCCOc1ccc(cc1)OCC(=O)N(c1ccc(cc1)OC)CCN(CC)CC.Cl,-6.187474971,5.4299,465.025
C2316,MCZDSVGBUYVFMC-UHFFFAOYSA-N,CCCCOc1ccc(cc1)OCC(=O)N(c1cccc(c1)OC)CCN(CC)CC.Cl,-6.187474971,5.4299,465.025
C2317,HRQSJRDRVTZESR-UHFFFAOYSA-N,CCCCOc1ccc(cc1)OCC(=O)N(c1ccccc1OC)CCN(CC)CC.Cl,-6.187474971,5.4299,465.025
C2320,IHTNSEAIRWVJJI-UHFFFAOYSA-N,CCCCC(Oc1ccc(cc1)C(=O)OCCCN1CCCCC1C)C,-6.172533262,5.0033,361.518
C2323,NOTIQUSPUUHHEH-UXOVVSIBSA-N,CCC(=O)O[C@H]1CC[C@@H]2[C@]1(C)CC[C@H]1[C@H]2CC[C@@H]2[C@]1(C)C[C@@H](C)C(=O)C2,-6.167430567,5.166,360.53
C2326,CEUUNELRXHVARR-UHFFFAOYSA-N,C1CCC(CC1)CNC1CCC(CC1)NCC1CCCCC1.CC(=O)O.CC(=O)O,-6.155847342,5.601,426.633
C2336,TZZYWZRIMDHLAL-UHFFFAOYSA-N,Brc1ccc(nc1)OCCCCCCCCCCN1CSCC1.Cl,-6.13483519,6.0899,437.866
C2337,KXGYVTYDPUHCRZ-UHFFFAOYSA-N,CCCCOc1ccc(cc1)OCC(=O)N(c1cc(OC)c(c(c1)OC)OC)CCN(CC)CC.Cl,-6.133640661,5.4471,525.077
C135,PTFJIKYUEPWBMS-UHFFFAOYSA-N,CCN(c1c(cc(cc1[N+](=O)[O-])C(F)(F)F)[N+](=O)[O-])CC(=C)C,-6.1199999,4.9706,333.263
C2350,YXUJYFMPMLQKNJ-UHFFFAOYSA-N,C1CCC(CC1)NCC1CCC(CC1)CNC1CCCCC1.Cl.Cl,-6.104942883,7.0232,379.451
C2351,VLFMJVSCBCADEJ-UHFFFAOYSA-N,N(CC1CCCC1)CC1CCC(CC1)CNCC1CCCC1.Cl.Cl,-6.104942883,6.7382,379.451
C2352,UFWWXJRCWHOHOQ-UHFFFAOYSA-N,CC1CCCCN1CCCOC(=O)c1ccc(cc1)OC1CCCCC1.Cl,-6.103505485,5.5593,395.963
C2354,IYBPCWPWORICBI-UHFFFAOYSA-N,CN(CCC(=O)Nc1ccc(cc1Sc1ccc(cc1)Cl)Cl)C,-6.102001148,5.1078,369.309
C2360,UQYAKSUWIJOUJG-UHFFFAOYSA-N,CNC1CCC2(C=C1)c1ccccc1C=Cc1c2cccc1.Cl,-6.093722182,5.5874,323.859
C2361,VVQAGLMWVDPLLF-UHFFFAOYSA-N,COc1cc(cc(c1OC)OC)C(=O)OCCOCCN1CCN(CC1)C(c1ccc(cc1)Cl)c1ccccc1.Cl.Cl,-6.092375105,6.4262,642.01
C2362,FIGNDHCQIMVMAZ-UHFFFAOYSA-N,CCCCCCCCOc1ccc(cc1)C(=O)CCN1CCCCC1.Cl,-6.092087818,6.2245,381.98
C2363,QBISHGLLUNDCHP-UHFFFAOYSA-N,CCC(C(c1ccccc1)(c1ccccc1)CCN1CCOCC1)OC(=O)c1ccc(cc1)N.Cl,-6.091513465,6.2339,495.053
C136,NYQDCVLCJXRDSK-UHFFFAOYSA-N,COP(=S)(Oc1cc(Cl)c(cc1Cl)Br)OC,-6.0900002,5.3026,365.996
C2364,BXCRLBBIZJSWNS-UHFFFAOYSA-N,CCCCCCCCCCCCCCCC(=O)OCCO,-6.089541043,5.0032,300.477
C2368,JWRCUYLINWYGMN-UHFFFAOYSA-N,C1CC(CCC1CNC1CC2CC1CC2)CNC1CC2CC1CC2.Cl.Cl,-6.085989724,6.735,403.472
C2371,SMANXXCATUTDDT-QPJJXVBHSA-N,Fc1ccc(cc1)C(c1ccc(cc1)F)N1CCN(CC1)C/C=C/c1ccccc1,-6.076980493,5.261,404.495
C2372,OMPPEMJDJUYBCE-UHFFFAOYSA-N,CCCCOc1ccc(cc1)OCC(=O)N(c1cccc(c1)OC)CCN1CCCC1.Cl,-6.076763345,5.1218,463.009
C2373,DHXFICREWVJWEG-UHFFFAOYSA-N,CCCCOc1ccc(cc1)OCC(=O)N(c1ccccc1OC)CCN1CCCC1.Cl,-6.076763345,5.1218,463.009
C2375,JMOLZNNXZPAGBH-UHFFFAOYSA-N,CCCCCCCCC(C(=O)O)CCCCCC,-6.075320059,5.4082,256.424
C2376,YAPSKXXWJVKWBA-UHFFFAOYSA-N,C1CCC(CC1)NCC1CCC(=CC1)CNC1CCCCC1.CC(=O)O.CC(=O)O,-6.069298022,5.5211,424.617
C2378,GBSIBTZJMPWWAV-UHFFFAOYSA-N,CN1CCC(CC1)(OC(=O)C(c1ccccc1)c1ccccc1)c1ccccc1.Cl,-6.061795344,5.7227,421.959
C2380,FHKYKCHMWGFEQE-UHFFFAOYSA-N,OCCOCCN1CCN(CC1)CCCN1c2ccccc2Sc2c1cc(cc2)C(F)(F)F.Cl.Cl,-6.059051505,5.8695,554.496
C2384,QEORVDCGZONWCJ-QURGRASLSA-N,N#CCCN(c1ccc(cc1)/N=N/c1ccc(cc1C#N)[N+](=O)[O-])CC,-6.053485045,5.14506,348.359
C2393,WWOFPCHIWHXPBF-UHFFFAOYSA-N,COC1(CCC(CC1)NCCCC(=O)c1ccc(cc1)F)c1ccccc1C.COC1(CCC(CC1)NCCCC(=O)c1ccc(cc1)F)c1ccccc1C.Cl.Cl.O,-6.034186756,12.6637,857.935
C2394,AQSRVUPXTRIBEU-UHFFFAOYSA-N,COC1(CCC(CC1)NCCCC(=O)c1ccc(cc1)F)c1ccc(cc1)C.COC1(CCC(CC1)NCCCC(=O)c1ccc(cc1)F)c1ccc(cc1)C.Cl.Cl.O,-6.034186756,12.6637,857.935
C2395,YXTRQSJMIXMKRY-UHFFFAOYSA-N,CCCCOc1ccc(cc1)OCC(=O)N(c1ccc(c(c1)OC)OC)CCN(CC)CC.Cl,-6.031897383,5.4385,495.051
C2401,KBOBGSLTWZFGEJ-KSBRXOFISA-N,Fc1ccc2c(c1)N(C(=O)SCCN(C(C)C)C(C)C)c1c(S2)cccn1.Fc1ccc2c(c1)N(C(=O)SCCN(C(C)C)C(C)C)c1c(S2)cccn1.OC(=O)/C=C\C(=O)O,-6.018259001,11.4326,927.177
C2415,NDCVPWSONNZYKP-UHFFFAOYSA-N,CCCCCCCCCCCCCCCCNCCSS(=O)(=O)O,-5.988360992,7.065,381.637
C2416,DOQPXTMNIUCOSY-UHFFFAOYSA-N,COc1ccc(cc1OC)CCN(CCCC(c1ccc(c(c1)OC)OC)(C(C)C)C#N)C.Cl,-5.98613456,5.89508,491.063
C2419,IEISBKIVLDXSMZ-UHFFFAOYSA-N,CN1CCC(C1)CN1c2ccccc2Sc2c1cccc2.Cl,-5.980721518,5.0459,332.891
C2422,BGXJPPYIDPNUQX-UHFFFAOYSA-N,OC(=O)C(=O)O.CCC(=O)N(c1ccccc1)C(CN1CCC(CC1)c1ccccc1)C.CCC(=O)N(c1ccccc1)C(CN1CCC(CC1)c1ccccc1)C,-5.975995472,8.4268,791.029
C2423,LWSXRFQDNPVXIU-UHFFFAOYSA-N,OC(=O)C(=O)O.CCC(=O)N(c1ccccc1)CC(N1CCC(CC1)c1ccccc1)C.CCC(=O)N(c1ccccc1)CC(N1CCC(CC1)c1ccccc1)C,-5.975995472,8.4268,791.029
C2426,IZLPZXSZLLELBJ-UHFFFAOYSA-N,CCCCSc1ccc(cc1)C(c1ccccc1)SCCN(C)C,-5.965858004,5.963,359.592
C2434,DTNVIQYPPCCDBY-UHFFFAOYSA-N,CCCCCCC1CCCCN1CCCOC(=O)c1ccccc1,-5.947611931,4.9963,331.492
C2438,IQCZDPRPOLRNQX-UHFFFAOYSA-N,CCCCSc1ccc(cc1)C(c1ccccc1)SCCN(C)C.Cl,-5.94260939,6.765,396.053
C1670,VKHAHZOOUSRJNA-GCNJZUOMSA-N,CC#C[C@]1(O)CC[C@@H]2[C@]1(C)C[C@H](c1ccc(cc1)N(C)C)C1=C3CCC(=O)C=C3CC[C@@H]21,-5.9,5.4065,429.594
C2459,AJZJIYUOOJLBAU-CEAXSRTFSA-N,O[C@H]([C@H](C(=O)O)O)C(=O)O.CN(CC(CN1c2ccccc2Sc2c1cccc2)C)C.CN(CC(CN1c2ccccc2Sc2c1cccc2)C)C,-5.899259228,6.9814,746.978
C2460,PKKDWPSOOQBWFB-UHFFFAOYSA-N,Clc1cc(Cc2cc(Cl)cc(c2O)Cl)c(c(c1)Cl)O,-5.895454669,5.3022,338.013
C2468,NZZWSEZHSXKDLZ-UHFFFAOYSA-N,OC(CN1CCN(CC1)c1ccc(c(c1)C)C)COc1cc(C)ccc1C(C)C.Cl.Cl,-5.886297436,5.904,469.487
C2474,NWZBFJYXRGSRGD-UHFFFAOYSA-M,CCCCCCCCCCCCCCCCCCOS(=O)(=O)[O-].[Na+],-5.877445973,6.8055,372.539
C2478,XEMGXBYFCSCENA-NMMAEDQESA-N,COc1cc2c(cc1Br)C[C@H]1[C@@H]3[C@]2(CCCC3)CCN1C.Br,-5.866052747,5.0419,431.205
C2484,GHOXUIXRTCVANK-UHFFFAOYSA-N,O=C(Nc1ccc(cc1Sc1ccc(cc1)Cl)Cl)CCN1CCCC1,-5.852679983,5.5799,395.346
C2486,UURAUHCOJAIIRQ-QGLSALSOSA-N,CCN(CCSCC(=O)O[C@@H]1C[C@@](C)(C=C)[C@@H](O)[C@@H]([C@]23[C@H]([C@@]1(C)[C@H](C)CC2)C(=O)CC3)C)CC,-5.851082475,4.9679,493.742
C2502,MUDUBLGOHBPCKH-LLINQDLYSA-N,ClCCN([C@H]1CC[C@@H]2[C@]1(C)CC[C@H]1[C@H]2CCC2=CC(=O)CC[C@]12C)CCCl,-5.835763234,5.6665,412.436
C155,LKPLKUMXSAEKID-UHFFFAOYSA-N,Clc1c(Cl)c([N+](=O)[O-])c(c(c1Cl)Cl)Cl,-5.8200002,5.385,295.335
C2523,FHIKZROVIDCMJA-UHFFFAOYSA-N,CCCC(c1ccccc1)(c1ccccc1)C(=O)OCCN(CC)CC.Cl,-5.790995146,5.4598,389.959
C2540,JUSNIEPCJNWQRR-UHFFFAOYSA-N,C1CCCCN(C1)CC1CCC(CC1)CN1CCCCCC1.Cl.Cl,-5.752436627,6.0246,379.451
C157,ANIAQSUBRGXWLS-MRXNPFEDSA-N,CC[P@@](=S)(OCC)Oc1cc(Cl)c(cc1Cl)Cl,-5.75,6.0421,333.599
C158,VEDTXTNSFWUXGQ-UHFFFAOYSA-N,CCOP(=S)(OCC)SCSc1ccc(cc1)Cl,-5.7399998,6.0709,342.865
C2549,REYUZOLYIOQRIG-UHFFFAOYSA-N,CCCCCCCCCCOc1c(OC)cc(cc1OC)C(=O)N,-5.736671984,5.0225,337.454
C2552,CNGNQNHWZQZZPC-LIXABZRUSA-N,CC(=O)Oc1ccc2c(c1)[C@]13CCCC[C@H]3[C@@H](C2)N(CC1)CCc1ccccc1.Cl,-5.733984005,5.6529,425.991
C2558,SIZQOZWQHVSXMC-UHFFFAOYSA-N,COC1(CCC(CC1)NCCCC(=O)c1ccc(cc1)F)c1ccc(cc1)F.Cl,-5.724203129,6.1947,423.924
C2559,VRCHGIBAGWCXID-UHFFFAOYSA-N,COC1(CCC(CC1)NCCCC(=O)c1ccc(cc1)F)c1ccc(cc1)C.Cl,-5.72393991,6.364,419.96
C2560,VNTDJZPKDTVRQN-UHFFFAOYSA-N,COC1(CCC(CC1)NCCCC(=O)c1ccc(cc1)F)c1cccc(c1)C.Cl,-5.72393991,6.364,419.96
C159,JHJOOSLFWRRSGU-UHFFFAOYSA-N,COP(=S)(Oc1cc(Cl)c(cc1Cl)Cl)OC,-5.7199998,5.1935,321.545
C2564,DULRAWOLASLZFF-UHFFFAOYSA-N,CN(C(CC12CC3CC(C2)CC(C1)C3)C)Cc1ccccc1.Cl,-5.718172787,5.9154,333.938
C2565,OLNLBYCEMYGFIP-UHFFFAOYSA-N,CN(CCCC12CC3CC(C1)CC(C2c1ccccc1)C3)C.Cl,-5.718172787,5.7403,333.938
C2572,YILXLSNWYXRHLU-UHFFFAOYSA-N,Ic1ccc(nc1)SCCCCCCCN1CCSC1.Cl,-5.708873561,5.475,458.852
C2574,OHXVNPLQCLJGEX-UHFFFAOYSA-N,CCCCCCCCCCCCCCCCCCCCCCCCCCCCCCOC(=O)CCCCCCCCCCCCCCCCCCCCCCCCC,-5.702978065,20.8546,817.487
C2578,APUSEOXZOIWVBF-RZWQWLLSSA-N,COc1ccc(cc1)C(=O)CN1CC[C@@]23[C@H]([C@H]1Cc1c3cc(cc1)O)CCCC2.Cl,-5.692892577,5.082,427.964
C2579,IABNRFKGIGJEFF-UHFFFAOYSA-N,CCC1(CC)OC(c2c1cccc2)(CCCN(C)C)c1ccccc1.Cl,-5.692017365,6.1195,373.959
C2582,XHSHZRTUPHMFMW-UHFFFAOYSA-N,CN(CCCC1(CC(c2c1cccc2)(C)C)c1ccccc1)C.Cl,-5.690763406,5.7978,343.933
C2585,PQYGSSYFJIJDFK-UHFFFAOYSA-N,CCCCCCCC(=O)CCCCCCC,-5.684359957,5.2765,226.398
C2586,CTVUQTJFCOUSCI-UHFFFAOYSA-N,CCCCN1CCC(CC1)(OC(=O)Cc1ccccc1)c1ccccc1.Cl,-5.680824996,5.3036,387.943
C161,ZSDSQXJSNMTJDA-UHFFFAOYSA-N,CCCN(c1c(cc(cc1[N+](=O)[O-])C(F)(F)F)[N+](=O)[O-])CCC,-5.6799998,5.1946,335.279
C162,QIQXTHQIDYTFRH-UHFFFAOYSA-N,CCCCCCCCCCCCCCCCCC(=O)O,-5.6799998,6.3325,284.477
C2588,YDLQKLWVKKFPII-UHFFFAOYSA-N,Fc1ccc(cc1)C(=O)CCCN1CCC(CC1)n1c(=S)[nH]c2c1cccc2,-5.679018161,5.0759,397.509
C2591,FPPCQURAUSZVBZ-UHFFFAOYSA-N,CCCCCCCOc1ccccc1NC(=O)OCCN1CCCCC1.Cl,-5.676198044,5.8831,398.967
C2592,XAXZRLRPMYYALI-UHFFFAOYSA-N,Clc1ccc2c(c1)c(C)cc(n2)SCCCCCN1CSCC1.Cl.Cl,-5.672989305,7.0072,439.894
C163,SBPBAQFWLVIOKP-UHFFFAOYSA-N,CCOP(=S)(Oc1nc(Cl)c(cc1Cl)Cl)OCC,-5.6700001,5.3687,350.586
C164,UOAMTSKGCBMZTC-UHFFFAOYSA-N,OC(C(Cl)(Cl)Cl)(c1ccc(cc1)Cl)c1ccc(cc1)Cl,-5.6700001,5.5995,370.486
C2595,VGQBGHMODQMJEJ-UHFFFAOYSA-N,COc1cc2c(cc1OC)CCN(C2CCc1cccc(c1Cl)Cl)C,-5.669512187,5.1103,380.308
C2597,HRNKLYSRKFRIQO-UHFFFAOYSA-N,CCCCOc1ccc(cc1)OCC(=O)N(c1cccc(c1)OCC)CCN(C)C.Cl,-5.667408659,5.0398,450.999
C2609,XXLZPUYGHQWHRN-RPBOFIJWSA-N,CCC1=C(C[C@H]2NCCc3c2cc(OC)c(c3)OC)C[C@@H]2N(C1)CCc1c2cc(c(c1)OC)OC,-5.645775378,5.2743,478.623
C2610,TXNPKAZVKAHXGK-UHFFFAOYSA-N,OC(=O)C(c1ccc2c(c1)nc(o2)c1ccc(cc1)C(C)(C)C)C,-5.642261784,4.9804,323.386
C2611,HVFCLQQFFYUROM-XJQFHKDFSA-N,COc1ccc(cc1[N+](=O)[O-])C(=O)CN1CC[C@@]23[C@H]([C@H]1Cc1c3cc(cc1)O)CCCC2.Cl,-5.641406166,5.5134,472.961
C167,XCJXQCUJXDUNDN-OZUNKVAOSA-N,ClC1=C(Cl)[C@]2(C([C@]1(Cl)[C@H]1[C@@H]2CC=C1)(Cl)Cl)Cl,-5.6399999,5.0242,338.873
C2612,ZCUZNOKYZBDPMI-LIXABZRUSA-N,COc1ccc(c(c1)C)CCN1CC[C@@]23[C@H]([C@H]1Cc1c3cc(cc1)O)CCCC2.Cl,-5.638903442,5.7502,428.007
C2633,SIEYZYONZYIIJH-AGSMNRHJSA-N,CC[C@H]1CN2CC[C@H]1C[C@H]2[C@@H](c1ccnc2c1cc(OCCC(C)C)cc2)O.Cl.Cl,-5.601549195,6.3554,455.461
C2637,ZDGVLDKCQRCCKI-ICDZXHCJSA-N,CSc1ccc(cc1)CCN1CC[C@@]23[C@H]([C@H]1Cc1c3cc(cc1)O)CCCC2,-5.590721567,5.3531,393.585
C2638,GEHQTKKHEHGIJB-UHFFFAOYSA-N,COc1c(O)ccc2c1N(CCCN(C)C)c1c(S2)ccc(c1)Cl.Cl,-5.590681725,5.4756,401.35
C172,WCMMILVIRZAPLE-UHFFFAOYSA-M,O[Sn](C1CCCCC1)(C1CCCCC1)C1CCCCC1,-5.5900002,5.9271,385.163
C2651,QQWVCTZTGVJUCK-UHFFFAOYSA-N,CCCCCCCOc1ccc(cc1)C(=O)CCN1CCCCC1.Cl,-5.572803163,5.8344,367.953
C175,RIZMRRKBZQXFOY-UHFFFAOYSA-N,CCOP(=S)(OCC)SCSP(=S)(OCC)OCC,-5.54,6.3065,384.476
C176,SMDHCQAYESWHAE-UHFFFAOYSA-N,CCCCN(c1c(cc(cc1[N+](=O)[O-])C(F)(F)F)[N+](=O)[O-])CC,-5.5300002,5.1946,335.279
C2686,PWNAWGHHNQQCAK-UHFFFAOYSA-N,O=C(N1c2ccccc2Sc2c1cccc2)CCNC(C)(C)C.Cl,-5.518413418,5.852,362.917
C2687,DQPNQXUUCWOWCK-UHFFFAOYSA-N,CCOC(C(=O)N(CCN(CCc1ccccc1)C)C)(c1ccccc1)c1ccccc1.Cl,-5.517075023,5.4016,467.043
C2694,HHJOQUFREITNNC-UHFFFAOYSA-N,COc1ccc(cc1)CN1CCc2c(C1)cccc2NC(=O)c1cc(OC)c(c(c1)OC)OC.Cl,-5.510583306,5.3445,498.998
C2702,CCDDAZAJRNNGBK-UHFFFAOYSA-N,COc1c(CNCC2CCC(CC2)CNCc2cccc(c2OC)OC)cccc1OC.Cl.Cl,-5.502727126,6.7926,515.513
C2715,KGWDUNBJIMUFAP-KVVVOXFISA-N,CCCCCCCC/C=C\CCCCCCCC(=O)O.NCCO,-5.486774458,5.7462,343.544
C2724,YRKLNGSPBGWYKJ-TYMHPWAKSA-N,CCC(=CCN1CC[C@@]23[C@H]([C@H]1Cc1c3cc(cc1)O)CCCC2)CC.Br,-5.471410518,6.093,420.426
C2727,KUDPDOZAPFSKPG-UHFFFAOYSA-N,CCCCCCCCCCCCCCCNCCSS(=O)(=O)O,-5.465013216,6.6749,367.611
C2731,BFCDFTHTSVTWOG-YLJYHZDGSA-N,CCCCCCCCN[C@@H]([C@H](c1ccc(cc1)SC(C)C)O)C,-5.460172849,5.95,337.563
C183,XITQUSLLOSKDTB-UHFFFAOYSA-N,Clc1ccc(c(c1)Cl)Oc1ccc(cc1)[N+](=O)[O-],-5.46,5.2171,284.095
C2744,LTCPODHLAKFBTK-UHFFFAOYSA-N,Cc1ccc2c(c1)c(C)cc(n2)SCCCCCN1CSCC1.Cl.Cl,-5.446606551,6.6622,419.475
C2748,QPMDKXBBAVQDCB-UHFFFAOYSA-N,CS(=O)(=O)O.CS(=O)(=O)O.CN1CCN(CC1)CCCN1c2ccccc2Sc2c1cc(cc2)S(=O)(=O)N(C)C,-5.445548461,5.3683,638.841
C2754,DDRGWEZDDZXEBZ-UHFFFAOYSA-N,CNCCCC12CC3CC(C1)CC(C2c1ccccc1)C3.Cl,-5.436851443,5.789,319.912
C2769,XVDWCNBDFUXCCB-UHFFFAOYSA-N,CNCCCC1(CC(c2c1cccc2)(C)C)c1ccccc1.Cl,-5.41118813,5.8465,329.907
C2787,AZLQWGYNKLHVJM-UHFFFAOYSA-N,Brc1cnc(c(c1)Br)OCCCCCCN1CSCC1.Cl,-5.382340555,5.292,460.655
C2788,ZTISJNYJBMXWHV-AQFVONAPSA-N,O=C1CC2C(C1(CC2)CS(=O)(=O)O)(C)C.Oc1ccc2c(c1)[C@]13CCCC[C@H]3[C@@H](C2)N(CC1)CCCOc1ccccc1,-5.380369386,7.208,609.816
C189,BXNANOICGRISHX-UHFFFAOYSA-N,CCOP(=S)(Oc1ccc2c(c1)oc(=O)c(c2C)Cl)OCC,-5.3800001,5.0817,362.766
C190,SJNIEBAPMPLYAB-UHFFFAOYSA-N,CCOP(=S)(Oc1ccc2c(c1)c(C)c(c(=O)o2)Cl)OCC,-5.3800001,5.0817,362.766
C2792,DREPSSCSPHCHTF-UHFFFAOYSA-N,CNC(CC12CC3CC(C2c2ccccc2)CC(C1)C3)C.Cl,-5.374703537,5.7874,319.912
C2798,AJADKUBPAXMBLU-AQFVONAPSA-N,Cc1ccc(cc1)CCN1CC[C@@]23[C@H]([C@H]1Cc1c3cc(cc1)O)CCCC2.Cl,-5.354356219,5.7416,397.981
C2800,ZILPIBYANAFGMS-UHFFFAOYSA-N,CCC(N(C(CC)C)CC(c1cccn1Cc1ccccc1Cl)O)C,-5.350858699,5.1222,362.937
C2802,YVBOFDGPWVOQBW-UHFFFAOYSA-N,O=C(c1ccccc1)NC(c1ccccc1)CCN1CCCCC1.Cl,-5.345470544,5.1645,358.905
C2805,BMRIMRMSWCLJIU-YGICXTQQSA-N,Oc1ccc2c(c1)[C@]13CCCC[C@H]3[C@@H](C2)N(CC1)CCc1ccc(cc1)[N+](=O)[O-].Cl,-5.344612029,5.8646,428.952
C2810,HQKZCEXAHDXKGB-UHFFFAOYSA-N,O=C(N1c2ccccc2Sc2c1cccc2)CNC(C)(C)C.Cl,-5.338567307,5.4619,348.89
C2833,QDEJGEWHMAYDSI-UHFFFAOYSA-N,[O-][N+](=O)c1cc([N+](=O)[O-])c(c(c1)[N+](=O)[O-])O.CCCCOc1ccc(cc1)OCC(=O)N(c1ccc(cc1)OC)CCN(C)C,-5.304925983,6.5341,629.615
C2834,VMPGAQLGAMYZMS-UHFFFAOYSA-N,Brc1ccc(nc1)OCCCCCCCCCCNCCSS(=O)(=O)O,-5.304236198,5.941,469.457
C2836,UEECHQPWQHYEDE-UHFFFAOYSA-N,CC(COCC(N1CCCC1)CN(c1ccccc1)Cc1ccccc1)C.Cl.O,-5.300022335,5.5058,421.016
C2839,VULLGYXKPUCSEU-UHFFFAOYSA-N,CNC(CC12CC3(C)CC(C1)(C)CC(C2Cl)(C3)C)C.Cl,-5.29878802,5.7813,320.341
C2840,YIYGVJMEXPKRPL-UHFFFAOYSA-N,NC(=N)CCCCCCCCCCCC(=N)N.Cl.Cl,-5.294578518,6.3535,313.31
C2847,OSGHSYGGTOXWEY-UHFFFAOYSA-N,CC(CCNCC1CCC(CC1)CNCCC(C)C)C.Cl.Cl,-5.29068515,6.45,355.43
C202,HCFSGRMEEXUOSS-JXEXPEPMSA-N,O=C1CC[C@]2(C(=C1)C(=C[C@@H]1[C@@H]2CC[C@]2([C@H]1CC[C@]2(C)C(=O)C)C)C)C,-5.27,5.2797,340.499
C2882,HXZJRRMZYWUPDU-DMAAICPESA-N,O=C1C[C@@H]2C([C@]1(CC2)CS(=O)(=O)O)(C)C.COc1ccc2c(c1)[C@]13CCCC[C@H]3[C@@H](C2)N(CC1)CCc1ccco1,-5.253034588,6.8776,583.778
C2884,DHDVOXBKOXIIBW-UHFFFAOYSA-N,C=CCc1ccccc1OCC(CN1CCN(CC1)c1ccc(c(c1)C)C)O.Cl.Cl,-5.251693774,5.2007,453.445
C2899,SYFLVOYYHASAMF-UHFFFAOYSA-N,C1CCN(CC1)CCCC12CC3CC(C2)CC(C1)C3.Cl,-5.228573886,5.2088,297.906
C2902,BVGLIYRKPOITBQ-ANPZCEIESA-N,N(Cc1ccccc1)CCNCc1ccccc1.O=C(Cc1ccccc1)N[C@@H]1C(=O)N2[C@@H]1SC([C@@H]2C(=O)O)(C)C.O=C(Cc1ccccc1)N[C@@H]1C(=O)N2[C@@H]1SC([C@@H]2C(=O)O)(C)C,-5.225428724,5.727,909.124
C2914,IESVGUSNDICIGM-UHFFFAOYSA-N,OC(=O)C(c1ccc2c(c1)nc(o2)c1ccc(c(c1)Cl)Cl)C,-5.206410084,4.9897,336.169
C2916,WQDLJCDVQLHYOK-UHFFFAOYSA-N,OC(=O)C(c1ccc2c(c1)nc(o2)c1cc(Cl)cc(c1)Cl)C,-5.206410084,4.9897,336.169
C2918,SBWLAHWQJBFTFW-UHFFFAOYSA-N,CN(CCCC1CC(c2c1cccc2)(C)c1ccccc1)C.Cl,-5.202427754,5.6237,329.907
C2919,RUKQAPJWMOAWKA-UHFFFAOYSA-N,CN(CCC12CC3CC(C2c2ccccc2)CC(C1)C3)C.Cl,-5.199685936,5.3502,319.912
C217,NFGXHKASABOEEW-UQHDCKCOSA-N,COC(CCC[C@H](C/C=C/C(=C/C(=O)OC(C)C)/C)C)(C)C,-5.1900001,5.062,310.471
C2930,IRBYNKOJMGCYPA-UHFFFAOYSA-N,Ic1ccc(nc1)SCCCCCCN1CSCC1.Cl,-5.188789856,5.0849,444.825
C2934,NGZOZDKXUPYDFY-UHFFFAOYSA-N,Clc1ccc(cc1)C(=O)C(c1ccc(cc1)Cl)CN1CCCC1.Cl,-5.183749879,5.7956,384.727
C2937,UUFIZWJFMXMPSW-UHFFFAOYSA-N,CN(C(CC12CC3(C)CC(C2)(CC(C1)(C3)C)C)C)C.Cl,-5.180350373,5.5153,299.922
C2943,YNXOHEFIGBHBPG-UHFFFAOYSA-N,Brc1ccc(nc1)SCCCCCCCN1CCSC1.Cl.Cl,-5.171564712,6.4349,448.312
C2951,CGDSFZBQGDHARN-UHFFFAOYSA-N,OC(=O)C(=O)O.CCC(=O)N(CC(N1CCC(CC1)(O)c1ccccc1)C)Cc1ccccc1.CCC(=O)N(CC(N1CCC(CC1)(O)c1ccccc1)C)Cc1ccccc1,-5.160602254,6.626,851.081
C2998,GGOYNTDJWDKZSC-UHFFFAOYSA-N,CC(N(C)C)CC12CC3(C)CC(C1)(C)CC(C2Cl)(C3)C.Cl,-5.109252645,5.7326,334.367
C3002,WRJIIPWMHJEZHX-UHFFFAOYSA-N,CCCCC(C(=O)Nc1c(C)cccc1C)N(CC)CC.Cl,-5.107886697,5.0175,326.905
C3014,AUILENMSDXFKBX-UHFFFAOYSA-N,Brc1ccc(nc1)OCCCCCCCCN1CCSC1.Cl,-5.095387713,5.3097,409.812
C228,ZNNLBTZKUZBEKO-UHFFFAOYSA-N,COc1ccc(cc1C(=O)NCCc1ccc(cc1)S(=O)(=O)NC(=O)NC1CCCCC1)Cl,-5.0900002,5.8952,494.004
C3024,VYGQXRZAHIZHQV-UHFFFAOYSA-N,Fc1ccc(cc1)C(=O)CCCN1CCC(CC1)(O)c1cccc(c1)C(F)(F)F.Cl,-5.071729115,5.5309,445.878
C3027,WKBWEUKBTUIKJX-AQFVONAPSA-N,COc1cccc(c1)CCN1CC[C@@]23[C@H]([C@H]1Cc1c3cc(cc1)O)CCCC2.Cl,-5.070442981,5.4418,413.98
C3028,VSBQZCIWVWNXFK-AQFVONAPSA-N,COc1ccc(cc1)CCN1CC[C@@]23[C@H]([C@H]1Cc1c3cc(cc1)O)CCCC2.Cl,-5.070442981,5.4418,413.98
C3030,XIYZPVVABJHQTA-UHFFFAOYSA-N,C1CCC(C1)NCC1CCC(CC1)CNC1CCCC1.Cl.Cl,-5.070130556,6.243,351.398
C3043,PWGBOISWWGVGSX-JVFQMWRPSA-N,CCCCCCN1CC[C@@]23[C@H]([C@H]1Cc1c3cc(cc1)O)CCCC2.Cl,-5.053209717,5.7708,363.964
C3050,ZUNJWRJEKCRIMZ-UHFFFAOYSA-N,Clc1cc2NC(CSCc3ccccc3)NS(=O)(=O)c2cc1S(=O)(=O)N,-5.044143618,5.2794,433.953
C3052,RHGQOMYDGHIKFH-GNOQXXQHSA-K,CCCCCCCC/C=C\CCCCCCCC(=O)[O-].CCCCCCCC/C=C\CCCCCCCC(=O)[O-].CCCCCCCC/C=C\CCCCCCCC(=O)[O-].[Bi+3],-5.042437045,14.3214,1053.34
C3058,POBVODLJHWXYOA-UHFFFAOYSA-N,N(Cc1cccs1)CC1CCC(CC1)CNCc1cccs1.Cl.Cl,-5.034892862,6.8812,407.464
C3072,HCTBJOARGXIKTD-UHFFFAOYSA-N,O=C1NC(CC2(O1)CCN(CC2)CCCC(=O)c1ccc(cc1)F)c1ccccc1.Cl,-5.019828142,5.5631,446.942
C3075,IJLPAGBWPSGGDR-CNNNCVBWSA-N,COc1cc(CCN2CC[C@@]34[C@H]([C@H]2Cc2c4cc(cc2)O)CCCC3)cc(c1OC)OC.Cl,-5.015896948,5.459,474.032
C3084,SGTNSNPWRIOYBX-UHFFFAOYSA-N,COc1ccc(cc1OC)CCN(CCCC(c1ccc(c(c1)OC)OC)(C(C)C)C#N)C,-5.007235261,5.09308,454.602
C3094,ZYTHLJLPPSSDIP-UHFFFAOYSA-N,CCOC(=O)C1(CCN(CC1)CCc1ccc(cc1)N)c1ccccc1.Cl.Cl,-4.999381771,5.5313,425.392
C3105,SGDJEEPRBXBRJK-BWLGBDCWSA-N,Fc1ccc(cc1)/C(=N\N=C(N)N)/c1ccc(cc1)C(F)(F)F.Cl,-4.985486673,5.0729,360.737
C3112,IEPPCSKVUNZEMU-UHFFFAOYSA-N,CC(N(C(=O)c1ccco1)c1ccccc1)CN1CCC(CC1)(O)c1ccccc1.Cl,-4.967713455,5.0384,440.962
C3113,SNZADUDEPOWBBM-UHFFFAOYSA-N,CC(NCCCC12CC3CC(C2)CC(C1)C3)(C)C.Cl,-4.964852446,5.564,285.896
C3120,GDGHUKIIRSLWAL-UHFFFAOYSA-N,CC(=O)OC(CN1CCN(CC1)c1ccc(cc1C)C)COc1ccccc1C(=O)C.Cl.Cl,-4.960359044,5.2456,497.454
C3127,FHYXHYXRWQFHHO-UHFFFAOYSA-N,CCCCCCCCCCCCCCNCCSS(=O)(=O)O,-4.945343307,6.2848,353.584
C3140,AFEAUYYSRPFHIA-UHFFFAOYSA-N,CCN(CCCC(Nc1c(C)cnc2c1ccc(c2)Cl)C)CC,-4.934789883,5.192,333.899
C3146,AZVASGSKQTWFCU-UHFFFAOYSA-N,CNCCCC1(CC(c2c1cccc2)C)c1ccccc1.Cl,-4.923187667,5.6724,315.88
C3152,NWEOHFSKEFZFOY-UHFFFAOYSA-N,CNCCC12CC3CC(C2c2ccccc2)CC(C1)C3.Cl,-4.918538928,5.3989,305.885
C3158,DTVDOFSPTLXDKL-CQSXPVNESA-N,COc1cc(CCN2CC[C@@]34[C@H]([C@H]2Cc2c4cc(cc2)O)CCCC3)ccc1OC.Cl,-4.914197433,5.4504,444.006
C3175,YIDJSSCLYWZDHK-UHFFFAOYSA-N,OC(=O)C(=O)O.CCC(=O)N(c1ccccc1)C(CN1CCN(CC1)c1ccccc1)C.CCC(=O)N(c1ccccc1)C(CN1CCN(CC1)c1ccccc1)C,-4.890685047,6.442,793.005
C3179,UCDKONUHZNTQPY-UHFFFAOYSA-N,Brc1cc(CN(C2CCCCC2)C)c(c(c1)Br)N.Cl,-4.887169116,5.9415,412.591
C3188,LTWIBTYLSRDGHP-HCURTGQUSA-N,Clc1ccc(cc1)/C=N/N/C(=N/N=C/c1ccc(cc1)Cl)/N.Cl,-4.880558231,5.1589,370.664
C3202,CZJHALUOIGDGOP-UHFFFAOYSA-N,CNC(CC12CC3(C)CC(C2)(CC(C1)(C3)C)C)C.Cl,-4.869626835,5.564,285.896
C3207,WZOMEARVDFBWTD-JVFQMWRPSA-N,Oc1ccc2c(c1)[C@]13CCCC[C@H]3[C@@H](C2)N(CC1)CCc1cccs1.Cl,-4.86595003,5.4947,389.982
C3210,JMUDZEPANZIPCH-UHFFFAOYSA-N,COc1ccc(cc1)C(CC(=O)c1ccccc1)NCc1ccccc1.Cl,-4.861790344,5.992,381.895
C3214,VBJPLMJXXYLNKP-UHFFFAOYSA-N,CN(C(CC12CC3CC(C1)CC(C2)(C3)CC(N(C)C)C)C)C.Cl.Cl,-4.853247514,5.8574,379.451
C3216,QPBWWFZYFRFGSD-VXQMPNGUSA-N,Oc1ccc2c(c1)[C@]13CCCC[C@H]3[C@@H](C2)N(CC1)CCCCC(=O)c1ccccc1,-4.849278473,5.4417,403.556
C3228,CITLTOAOKDLBDU-UHFFFAOYSA-N,Clc1ccc(cc1)CNCC1CCN(CC1)Cc1ccccc1.Cl.Cl,-4.838341367,6.2746,401.801
C3233,GGHPAKFFUZUEKL-UHFFFAOYSA-M,CCCCCCCCCCCCCCCCOS(=O)(=O)[O-].[Na+],-4.833880186,6.0253,344.486
C3236,PYVUMAGVCSQCBD-UHFFFAOYSA-N,CC(C1Nc2cc(Cl)c(cc2S(=O)(=O)N1)S(=O)(=O)N)c1ccccc1,-4.822341019,5.1497,401.888
C3244,YORNKOJOAYSWBP-UHFFFAOYSA-N,CC(NC(CC12CC3CC(C1)CC(C2Cl)C3)C)C.Cl,-4.813147357,5.3896,306.314
C3245,BPYKTIZUTYGOLE-IFADSCNNSA-N,C=CC1=C(C)/C(=C/c2[nH]c(c(c2C)CCC(=O)O)Cc2[nH]c(c(c2CCC(=O)O)C)/C=C/2\NC(=O)C(=C2C=C)C)/NC1=O,-4.812670507,5.1888,584.662
C274,XLNZEKHULJKQBA-UHFFFAOYSA-N,CCOP(=S)(SCSC(C)(C)C)OCC,-4.7600002,5.1569,288.431
C3286,MKMDMYXUXRAIMQ-UHFFFAOYSA-N,OC(CN1CCN(CC1)c1ccccc1)COc1cc(C)ccc1C(C)C.Cl.Cl,-4.752217708,5.2872,441.434
C3321,CRIORHLFFJUMFG-OCIYDRMTSA-N,CCCOc1ccc2c(c1)[C@]13CCCC[C@H]3[C@@H](C2)N(CC1)C.Br,-4.707467429,5.0596,380.362
C3330,SXULDGPVPLBPKQ-UHFFFAOYSA-N,CC(N(C(C)C)C)CC12CC3CC(C2)CC(C1)C3.Cl,-4.695038327,5.1236,285.896
C3346,KYGOFVXOIQYJSF-UHFFFAOYSA-N,CCC1OC(c2c1cccc2)(CCCN(C)C)c1ccccc1.Cl,-4.684658344,5.5553,345.906
C3348,KUBIYDREAGSHMB-UHFFFAOYSA-N,CN(CCC1(CC(c2c1cccc2)C)c1ccccc1)C.Cl,-4.683951269,5.2336,315.88
C3350,HTAUUADKDLLMRU-UHFFFAOYSA-N,CCOP(=O)(N1CCCC1=O)Cc1ccc(cc1)c1nc2c(s1)cccc2,-4.681155576,5.2532,400.431
C3352,QOYHHIBFXOOADH-UHFFFAOYSA-N,Fc1ccc(cc1)C(c1ccc(cc1)F)CCCN1CCC2(CC1)C(=O)NCN2c1ccccc1,-4.677227244,5.6371,475.573
C3357,QMQBBUPJKANITL-MYXGOWFTSA-N,CCC(=O)O[C@](c1ccccc1)([C@@H](CN(C)C)C)Cc1ccccc1.Cl,-4.672025096,5.0775,375.932
C3392,TYYIOZHLPIBQCJ-UHFFFAOYSA-N,ClC(C(c1ccc(cc1)N)c1ccc(cc1)N)(Cl)Cl,-4.637035902,5.5155,315.625
C3413,ILTQGUCGNHVYOU-UHFFFAOYSA-N,CC=C(c1ccc(cc1)OCC(CN1CCN(CC1)c1ccccc1)O)C.Cl.Cl,-4.617574933,5.2786,439.418
C3416,YDULHULNQBBPCX-UHFFFAOYSA-N,Brc1ccc(nc1)SCCCCCCN1CSCC1.Cl,-4.614257945,5.2428,397.825
C3436,OJPWHUOVKVKBQB-UHFFFAOYSA-N,OS(=O)(=O)O.CCN(CCCC(Nc1ccnc2c1ccc(c2)Cl)C)CC,-4.595817436,5.3116,417.951
C3445,PRYMXHIMDPCGRF-UHFFFAOYSA-N,OCCN1CCN(CC1)CCC(=O)N1c2ccccc2Sc2c1cc(Cl)cc2.Cl.Cl,-4.587161009,5.0141,490.874
C3461,IGJPXFSNRBWVEN-UHFFFAOYSA-N,OC(=O)C(=O)O.CNCC=C(c1ccc(cc1)Cl)c1ccc(cc1)Cl.CNCC=C(c1ccc(cc1)Cl)c1ccc(cc1)Cl,-4.573670815,9.2264,674.441
C3465,BYWIEEUABBZFEE-UHFFFAOYSA-N,CCN(CCOc1ccccc1C(=O)CCc1ccccc1)CC.Cl,-4.567817892,5.0247,361.906
C3467,FBCSVCRUGIQTDR-UHFFFAOYSA-L,[O-]S(=O)(=O)C(CC(S(=O)(=O)[O-])c1ccccc1)Nc1ccc(cc1)S(=O)(=O)Nc1ccccn1.[Na+].[Na+],-4.566718716,5.2306,571.555
C3481,MYAPKIZEEJRDPD-UHFFFAOYSA-N,Brc1cnc(c(c1)Br)OCCCCCCNCCSS(=O)(=O)O,-4.552298698,5.1431,492.247
C3492,AFRMBEPXLCTCKZ-UHFFFAOYSA-N,CN(CC=C(c1ccc(cc1)Cl)c1ccc(cc1)Cl)C.Cl,-4.543229877,5.7887,342.691
C3507,JSDOMRGYHWMEOM-UHFFFAOYSA-N,CCCCCOc1ccc(cc1)C(=O)CCN1CCCCC1.Cl,-4.533969878,5.0542,339.9
C3509,VHHCABARYUXCEG-LWBVMVAASA-N,CCCCCN1CC[C@@]23[C@H]([C@H]1Cc1c3cc(cc1)O)CCCC2.Cl,-4.531160074,5.3807,349.938
C332,UBCKGWBNUIFUST-BJMVGYQFSA-N,Cl/C=C(\c1cc(Cl)c(cc1Cl)Cl)/OP(=O)(OC)OC,-4.52,5.6015,365.962
C3535,LYCOGTNKKCCKLN-UHFFFAOYSA-N,CCC(=O)c1ccc(cc1)OCC(CN1CCN(CC1)c1cccc(c1)C(F)(F)F)O.Cl.Cl,-4.494863655,5.4669,509.389
C3537,MNMGNPZLUMHSKK-UHFFFAOYSA-N,Oc1ccc2c(c1)C1(C)CCN(C(C2)C1C)CCc1ccccc1.Br,-4.49404237,5.0551,402.368
C3540,NIKHXOYLHFLXFU-YGICXTQQSA-N,Oc1ccc(cc1)CCN1CC[C@@]23[C@H]([C@H]1Cc1c3cc(cc1)O)CCCC2.Cl,-4.491425774,5.1388,399.953
C3569,CRRLVLBCRZIHHS-LWBVMVAASA-N,CC(CCN1CC[C@@]23[C@H]([C@H]1Cc1c3cc(cc1)O)CCCC2)C.Cl,-4.468450337,5.2366,349.938
C3570,CRWAQORBUBHIDG-UHFFFAOYSA-N,CNCCCC1(CCc2c1cccc2)c1ccccc1.Cl,-4.466965466,5.1114,301.854
C341,XEFQLINVKFYRCS-UHFFFAOYSA-N,Clc1ccc(c(c1)O)Oc1ccc(cc1Cl)Cl,-4.46,5.1447,289.542
C3589,LDPUUCGOLVUXRV-UHFFFAOYSA-N,ClCCN(CCOc1ccc(cc1)OCCN(CCCl)CC)CC.Cl.Cl,-4.454812058,5.1696,450.271
C353,NXQDBZGWYSEGFL-UHFFFAOYSA-N,COP(=S)(SCC(=O)N(c1ccc(cc1)Cl)C(C)C)OC,-4.4299998,4.9825,367.852
C3613,MDCFFJPIOHVMNO-UHFFFAOYSA-N,CCCCCCCCCCCCCNCCSS(=O)(=O)O,-4.423697615,5.8947,339.557
C3620,BGCODIYHPONIJP-UHFFFAOYSA-N,CC(CC12CC3CC(C2)CC(C1)C3)NC(C)C.Cl,-4.417332724,5.1723,271.869
C3632,MAFFCSDANSLBTB-UHFFFAOYSA-N,CNCCC1(CC(c2c1cccc2)C)c1ccccc1.Cl,-4.404255729,5.2823,301.854
C3641,GNYKORXUSBCNSG-UHFFFAOYSA-N,COc1ccc(cc1)C(N1CCCCC1)CC(=O)c1ccccc1.Cl,-4.394806616,5.2351,359.89
C3673,BQDBKDMTIJBJLA-UHFFFAOYSA-N,NC(=O)C1CCN(CC1)CCCN1c2ccccc2Sc2c1cc(cc2)S(=O)(=O)C,-4.370873962,5.0642,445.598
C3677,LHNXUEAGNLUMMI-JVFQMWRPSA-N,Oc1ccc2c(c1)[C@]13CCCC[C@H]3[C@@H](C2)N(CC1)CCc1ccco1.Cl,-4.365953969,5.0262,373.916
C3678,LHNXUEAGNLUMMI-BHLCTJEESA-N,Oc1ccc2c(c1)[C@@]13CCCC[C@@H]3[C@H](C2)N(CC1)CCc1ccco1.Cl,-4.365953969,5.0262,373.916
C3687,OJIIZIWOLTYOBS-UHFFFAOYSA-N,COc1ccc(cc1)C(=O)Nc1ccccc1CCC1CCCCN1C.Cl,-4.359429222,5.1773,388.931
C3698,VBCPVIWPDJVHAN-UHFFFAOYSA-N,ClCCN(C(COc1ccccc1)C)Cc1ccccc1.Cl,-4.350003034,4.9969,340.287
C3721,MWXMWHAEFXOXRF-UHFFFAOYSA-N,CCC(=O)c1ccccc1OCC(CN1CCN(CC1)c1ccc(c(c1)C)C)O.Cl.Cl,-4.32133854,5.0649,469.444
C376,WQEPLUUGTLDZJY-UHFFFAOYSA-N,CCCCCCCCCCCCCCC(=O)O,-4.3099999,5.1622,242.398
C3751,NOPNPWGOSOEBRI-YEUQMBKVSA-N,COc1cc(/C=C/C(CCN2CCN(CC2)c2ccccc2F)O)cc(c1OC)OC.Cl.Cl,-4.288644504,5.0448,503.434
C3752,JFKZWPHLKRLWGY-HPJBNNNXSA-N,COc1cc(/C=C/C(CCN2CCN(CC2)c2ccc(cc2)F)O)cc(c1OC)OC.Cl.Cl,-4.288644504,5.0448,503.434
C3760,QMQBBUPJKANITL-VNJAQMQMSA-N,CCC(=O)O[C@@](c1ccccc1)([C@H](CN(C)C)C)Cc1ccccc1.Cl,-4.280648857,5.0775,375.932
C3761,QXOWEHJVUGQSBP-UHFFFAOYSA-N,Fc1ccc(cc1)C(=O)CCN1CCN2C(C1)CCc1c2cccc1.Cl.Cl,-4.279749315,5.1424,411.34
C3765,HXVLBOCPXAUHQG-UHFFFAOYSA-N,CCN(CCCC(Nc1ccc(c2c1NCCC2)OC)C)CC.Cl,-4.274928401,4.9887,355.946
C3767,ROEBJVHPINPMKL-UHFFFAOYSA-N,CCN(Cc1cc(ccc1O)Nc1ccnc2c1ccc(c2)Cl)CC.Cl.Cl,-4.274301709,6.8562,428.783
C3782,WRXSODAXJSKMAW-UHFFFAOYSA-N,CS(=O)(=O)O.CS(=O)(=O)O.NC(=N)c1ccc(cc1)OCCCCCOc1ccc(cc1)C(=N)N,-4.261040335,5.6525,532.631
C3790,MDHISCUTYIDPBM-UHFFFAOYSA-N,CC(CNCC1CCC(CC1)CNCC(C)C)C.Cl.Cl,-4.257370903,5.6698,327.376
C3821,ORKBYCQJWQBPFG-WOMZHKBXSA-N,C#C[C@]1(O)CC[C@@H]2[C@]1(CC)CC[C@H]1[C@H]2CCC2=CC(=O)CC[C@H]12.C#C[C@]1(O)CC[C@@H]2[C@]1(C)CC[C@H]1[C@H]2CCc2c1ccc(c2)O,-4.230636542,7.4952,608.849
C3829,AOBYZQVXPIBGCZ-UHFFFAOYSA-N,CCN(C(C=C(c1cccs1)c1cccs1)C)CC.Cl,-4.2257452,5.7736,327.936
C3850,QIKOQLHSUDUZIY-UHFFFAOYSA-N,O=C(Cc1ccc(cc1)F)CCN1CCN2C(C1)CCc1c2cccc1.Cl.Cl,-4.207161899,5.0713,425.367
C400,RRNIZKPFKNDSRS-UHFFFAOYSA-N,CC(OP(=S)(OC(C)C)SCCNS(=O)(=O)c1ccccc1)C,-4.1999998,5.8949,397.513
C3870,YIMVBDBJPQQKNE-UHFFFAOYSA-N,CC(NCC1CCC(CC1)CNC(C)(C)C)(C)C.Cl.Cl,-4.192830183,5.9548,327.376
C404,XEOXEBNPBKUGJH-OCAPTIKFSA-N,O=CN[C@H](C(Cl)(Cl)Cl)n1ccn(cc1)[C@H](C(Cl)(Cl)Cl)NC=O,-4.1900001,5.135,430.93
C3885,PVIYWTLLWCNTQD-UHFFFAOYSA-N,C1CCC(OC1)CNCC1CCC(CC1)CNCC1CCCCO1.Cl.Cl,-4.184566898,5.496,411.45
C3916,ZIROSOHFLOYBBU-UHFFFAOYSA-N,Clc1ccc2c(c1)nccc2Nc1ccc(c(c1)CN1CCCC1)O.Cl.Cl,-4.164806951,6.5481,426.767
C3922,CKURLAXVGVRCEI-UHFFFAOYSA-N,CCCCN1CCC(CC1)(OC(=O)CCC)C1CCCCC1.Cl,-4.158804604,5.2846,345.948
C3933,HWURPQUPKQFGJI-UHFFFAOYSA-N,NC(=N)c1ccc(cc1)OCCCCCOc1ccc(cc1)C(=N)N.Cl.Cl,-4.150927725,6.0869,413.341
C3934,JJCLUKWQCSNXSQ-UHFFFAOYSA-N,O=C(C(c1ccccc1)CN1CCCC1(C)C)c1ccccc1.Cl,-4.150819575,5.2674,343.89
C3977,WMYVHJWZUUEZNE-ARWFNKCKSA-J,Cc1cc(ccc1N/N=C\1/C(=O)c2c(N)cc(cc2C=C1S(=O)(=O)[O-])S(=O)(=O)[O-])c1ccc(c(c1)C)N/N=C\1/C(=O)c2c(N)cc(cc2C=C1S(=O)(=O)[O-])S(=O)(=O)[O-].[Na+].[Na+].[Na+].[Na+],-4.121992427,7.6756,960.805
C3999,MBWCTVKYEHQORY-YGICXTQQSA-N,Nc1ccc(cc1)CCN1CC[C@@]23[C@H]([C@H]1Cc1c3cc(cc1)O)CCCC2.Cl,-4.110987215,5.5966,398.969
C4003,BHCOGFGUMGMUPP-XVQDCFBBSA-N,CCOc1ccc2c(c1)c(ccn2)[C@H]([C@@H]1C[C@@H]2CCN1C[C@@H]2CC)O.Cl.Cl,-4.108496741,5.3292,413.381
C4028,RIGBEDNANJVICG-YEUQMBKVSA-N,COc1cc(/C=C/C(=O)CCN2CCN(CC2)Cc2cccc(c2)C)cc(c1OC)OC.Cl.Cl,-4.090783965,5.2908,511.481
C4068,UIPBKZGYQDPIPY-UHFFFAOYSA-N,NCCCC(C(CCCCCCCCN=C(N)N)O)NC(=O)CCCCCCCCN=C(N)N,-4.065367437,5.4716,484.722
C4070,HJXQETKWGAZTPT-UHFFFAOYSA-M,CC(=O)NCCSSc1cc(Cl)ccc1c1ccc(cc1S(=O)[O-])Cl.[Na+],-4.06351342,6.0314,458.378
C4083,WNIFZUHTATXJSM-UHFFFAOYSA-N,CC(c1ccccc1)CNCC1CCc2c(N1)cccc2.Cl.Cl,-4.056820036,5.9395,353.329
C4090,QOVTVIYTBRHADL-UHFFFAOYSA-N,ClC(=C(c1cc(N)c(cc1S(=O)(=O)N)S(=O)(=O)N)Cl)Cl,-4.054303291,5.0495,380.656
C4107,DZSKWIJNUAODIH-UHFFFAOYSA-N,N(Cc1ccco1)CC1CCC(CC1)CNCc1ccco1.Cl.Cl,-4.040391813,5.9442,375.333
C4148,VZHYBDYSAGXDLU-OCIYDRMTSA-N,CC(CN1CC[C@@]23[C@H]([C@H]1Cc1c3cc(cc1)O)CCCC2)C.Br,-4.005018412,5.0026,380.362
C4155,NMWSVYJLYUFTPR-UHFFFAOYSA-K,I[Bi](I)I.C=CC1CN2CCC1CC2C(c1ccnc2c1cc(OC)cc2)O.I,-4.000846883,6.7664,1042.02
C4189,UOCAPIHAVVORKH-UHFFFAOYSA-N,OC(CN1CCN(CC1)c1cccc(c1)C(F)(F)F)COc1cccc(c1)C(=O)C.Cl.Cl,-3.974765147,5.0768,495.363
C4212,GIYXAJPCNFJEHY-UHFFFAOYSA-N,CNCCC(c1ccccc1)Oc1ccc(cc1)C(F)(F)F.Cl,-3.954481218,5.6279,345.787
C4220,SVQPFJPZAKQLCE-TTWKNDKESA-N,COc1cc(/C=C/C(=O)CCN2CCN(CC2)C2CCCCC2)cc(c1OC)OC.Cl.Cl,-3.946223412,5.1149,489.476
C4260,FAPJKUXLWRHQRD-UHFFFAOYSA-N,CN(CCC12CC3CC(C1)CC(C2)(C3)CCN(C)C)C.Cl.Cl,-3.913344453,5.0804,351.398
C4274,UBWNEPDEJMUZTC-UHFFFAOYSA-N,CCCCCCCCCCCCNCCSS(=O)(=O)O,-3.901925519,5.5046,325.531
C4279,MECHNRXZTMCUDQ-RKHKHRCZSA-N,O[C@H]1CCC(=C)/C(=C\C=C\2/CCC[C@]3([C@H]2CC[C@@H]3[C@@H](/C=C/[C@@H](C(C)C)C)C)C)/C1,-3.899447308,7.641,396.648
C4313,NUKDUWOUXNVQNT-BGNBUWATSA-N,O=C(/C=C/c1ccccc1)CCN1CCN(CC1)c1ccccc1F.Cl.Cl,-3.862923962,5.2272,411.34
C4314,FVDITDRRUMYAHJ-QVLKBJGCSA-N,O=C(/C=C/c1ccccc1)CCN1CCN(CC1)c1ccc(cc1)F.Cl.Cl,-3.862923962,5.2272,411.34
C4318,UPCGRNOLIKUHRT-UHFFFAOYSA-N,CN(CCC[N+]1([O-])c2ccccc2S(=O)c2c1cc(cc2)C(C)(C)C)C.O.O,-3.861516351,5.3896,408.555
C4333,FHRIDUNQMHKUNM-TTWKNDKESA-N,COc1cc(/C=C/C(=O)CCN2CCN(CC2)CCc2ccccc2)cc(c1OC)OC.Cl.Cl,-3.852707617,5.0249,511.481
C4388,SWNNISFWMQYKEP-UHFFFAOYSA-N,OS(=O)(=O)SCCCNCCCCCOC1CCCCCCC1,-3.814823381,5.2736,367.568
C495,RSWGJHLUYNHPMX-UMGGQSCQSA-N,CC(C1=CC2=CC[C@H]3[C@@]([C@@H]2CC1)(C)CCC[C@]3(C)C(=O)O)C,-3.8,5.2062,302.451
C4417,UPUIQOIQVMNQAP-UHFFFAOYSA-M,CCCCCCCCCCCCCCOS(=O)(=O)[O-].[Na+],-3.791010449,5.2451,316.432
C4455,SXOYTTUKVFYFPB-UHFFFAOYSA-N,CSc1ccc2c(c1)N(CCC1CCCNC1)c1c(S2)cccc1,-3.759023956,5.7947,356.548
C4466,MFTITSKWDGOERL-UHFFFAOYSA-N,CCCCN1CCC(CC1)(OC(=O)CCC)c1cccnc1.Cl.Cl,-3.753922721,5.058,377.349
C4499,LGNFRLBPCVLGOB-UHFFFAOYSA-N,Fc1ccc(cc1)C(=O)CCCN1CCc2c(C1)c1cc(F)ccc1[nH]2.Cl,-3.728102751,5.2072,390.854
C4510,HZWYCZUXPQNXPD-UHFFFAOYSA-N,COc1cc(CCNCC2CCc3c(N2)cccc3)ccc1OC.Cl.Cl,-3.719975546,5.3957,399.355
C4515,HFFGOURGAIOQBU-FOWHCLFSSA-N,C#C[C@]1(O)CC[C@@H]2[C@]1(C)CC[C@H]1[C@H]2CCC2=CC(=O)CC[C@H]12.C#C[C@]1(O)CC[C@@H]2[C@]1(C)CC[C@H]1[C@H]2CCc2c1ccc(c2)OC,-3.712637562,7.4081,608.849
C4525,ISXRXBARLXCMSX-UHFFFAOYSA-N,CCN(C(C=C(c1cccs1)c1cccs1)C)C.Cl,-3.706508933,5.3835,313.909
C4532,NAPPWIFDUAHTRY-XYDRQXHOSA-N,C#C[C@]1(O)CC[C@@H]2[C@]1(C)CC[C@H]1[C@H]2CCc2c1ccc(c2)O.C#C[C@]1(O)CC[C@@H]2[C@]1(C)CC[C@H]1[C@H]2CCC2=CC(=O)CC[C@H]12,-3.702515237,7.1051,594.823
C4559,ZBIAKUMOEKILTF-UHFFFAOYSA-N,O=C(Nc1c(C)cccc1C)CN1CCN(CC1)CCCC(c1ccc(cc1)F)c1ccc(cc1)F,-3.691635735,5.6988,491.615
C4587,GAQAKFHSULJNAK-UHFFFAOYSA-N,CCOC(=O)Nc1ccc2c(c1)N(C(=O)CCN1CCOCC1)c1c(S2)cccc1.Cl,-3.67217929,4.9845,463.978
C4590,CKQHXOCXLJZGSX-UHFFFAOYSA-N,Clc1ccc2c(c1)nccc2OCCCCCNCCSS(=O)(=O)O,-3.670859787,5.0346,404.932
C4596,ZHRVNCCPAKIGRH-UHFFFAOYSA-N,CCN(CCNC(c1ccccc1)C(=O)OCCC(C)C)CC.Cl.Cl,-3.668999064,5.2433,393.391
C4741,SLHZPGCWJXXMAR-UHFFFAOYSA-N,[O-][N+](=O)c1ccc(s1)c1scc(n1)CN1CCCCC1.Cl,-3.579381948,5.0288,345.868
C4937,REVYDCJKWVXJGT-UHFFFAOYSA-N,OS(=O)(=O)NC1CCCCC1.CC(C(c1ccccc1)(C#N)CC(N(C)C)C)C,-3.431072703,5.62738,423.612
C4987,FFINMCNLQNTKLU-UHFFFAOYSA-N,O=C(Nc1c(I)cc(c(c1I)C(=O)O)I)CCCCC(=O)Nc1c(I)cc(c(c1I)C(=O)O)I,-3.394058247,6.9942,1139.76
C5008,AUEJBFDAJLTUHB-UHFFFAOYSA-N,CCCCCCCCCCCNCCSS(=O)(=O)O,-3.379513291,5.1145,311.504
C5024,DELIDJVURHPKPP-UHFFFAOYSA-N,N/C(=N/C1CCCCCC1)/CSSC/C(=N/C1CCCCCC1)/N.Cl.Cl,-3.370465113,7.5324,443.541
C5046,DCJINIWOQCDNLR-XERUHLCMSA-N,CCC(c1ccnc2c1cc(O)cc2)(C1CC2CCN1C/C/2=C/C)O.Cl.Cl,-3.349411626,5.1204,411.365
C5093,FLPKLUXQXNQTEB-UHFFFAOYSA-N,CCCCCCCCCC(NCCSS(=O)(=O)O)C,-3.317365384,5.1129,311.504
C5368,UCMKQLSOWSNOED-UHFFFAOYSA-N,NC(=N)c1ccc(cc1)OCCCOc1ccc(cc1)C(=N)N.Cl.Cl,-3.115964594,5.3067,385.288
C5534,VAGQQSKCZRCJHF-UHFFFAOYSA-N,CCCCN1CCC(CC1)(OC(=O)CC)Cc1cccc(n1)C.Cl.Cl,-3.019723709,5.0623,391.376
C4157,MKMYPTLXLWOUSO-UHFFFAOYSA-N,OC(c1ccccc1)CC1CCCC(N1C)CC(=O)c1ccccc1.Cl,-2.753235909,4.9759,373.916
C5945,HYPPXZBJBPSRLK-UHFFFAOYSA-N,CCOC(=O)C1(CCN(CC1)CCC(c1ccccc1)(c1ccccc1)C#N)c1ccccc1,-2.752622634,5.42118,452.587
C6363,CVVIOMFTTKEVJM-UHFFFAOYSA-N,NC(=N)c1ccc(cc1)Oc1ccc(cc1)C(=N)N.Cl.Cl,-2.497791915,5.2511,327.209
C7101,FDJOLVPMNUYSCM-WZHZPDAFSA-L,OC[C@H]1O[C@@H]([C@@H]([C@@H]1OP(=O)(O[C@@H](CNC(=O)CC[C@@]1(C)C2=N[C@H]([C@@H]1CC(=O)N)[C@]1(C)[N-]/C(=C(/C)\C3=N/C(=C\C4=N/C(=C\2/C)/[C@@H](CCC(=O)N)C4(C)C)/[C@H]([C@]3(C)CC(=O)N)CCC(=O)N)/[C@H]([C@]1(C)CC(=O)N)CCC(=O)N)C)[O-])O)n1cnc2c1cc(C)c(c2)C.[C-]#N.[Co+3],-2.035153591,6.71188,1355.37
C7203,CCXTXXIACARUTI-UHFFFAOYSA-N,CCCC(COC(=O)Nc1ccc(cc1)OCC)(COC(=O)Nc1ccc(cc1)OCC)C,-1.956383464,6.2336,458.547
C7276,JVLDSHNWDWFUOP-DLGLCQKISA-N,O=C1CC2C([C@]1(CC2)CS(=O)(=O)O)(C)C.CCCC(CCC)CN,-1.911753817,5.2122,361.54
C7339,RONWGALEIBILOG-VCSAERELSA-N,OS(=O)(=O)O.C=C[C@H]1CN2CC[C@H]1C[C@@H]2[C@H](c1ccnc2c1cc(OC)cc2)O.C=C[C@H]1CN2CC[C@H]1C[C@@H]2[C@H](c1ccnc2c1cc(OC)cc2)O,-1.852084778,6.6502,746.912
C7347,AHZOOTGUHLEJCG-UHFFFAOYSA-N,NC(=N)c1ccc(cc1)Nc1ccc(cc1)C(=N)N.Cl.Cl,-1.845131336,5.2754,326.224
C7367,RUAXWVDEYJEWRY-UHFFFAOYSA-N,Nc1ccc(cc1)c1ccc(cc1)N.Cl.Cl,-1.834435042,5.2844,257.159
C7368,IIIDAJOFIHRHPY-UHFFFAOYSA-M,[O-][Cl](=O)(=O)=O.CC(CN(CC(C)C)/C=C/C=C/C=[N+](CC(C)C)CC(C)C)C,-1.833313231,5.2799,421.014
C7622,AWMFUEJKWXESNL-JZBHMOKNSA-N,CCC(=O)O[C@H]1[C@@H](O[C@@H](C[C@@H]1N(C)C)C)O[C@@H]1[C@@H](C)[C@H](O[C@@H]2O[C@@H](C)[C@@H]([C@](C2)(C)OC)O)[C@@H](C)C(=O)O[C@H](CC)[C@@]([C@@H]([C@H](C(=O)[C@@H](C[C@@]1(C)O)C)C)O)(C)O.CCCCCCCCCCCCOS(=O)(=O)O,-1.643615917,7.554,1056.39
C7633,OWULVAZDMWJBLB-UHFFFAOYSA-N,O=C(Nc1ccccc1)OCC(OC(=O)Nc1ccccc1)CN1CCCCC1.Cl,-1.637422689,5.2242,433.928
C8315,NNBFNNNWANBMTI-UHFFFAOYSA-M,[O-]S(=O)(=O)O.CCN(c1ccc(cc1)/C(=C/1\C=CC(=[N+](CC)CC)C=C1)/c1ccccc1)CC,-1.08156243,6.0394,482.635
C8479,NPDFXFLCEDDWEG-UHFFFAOYSA-N,OS(=O)(=O)O.OS(=O)(=O)O.OS(=O)(=O)O.CCN(c1ccc(c(c1)C)N)CCNS(=O)(=O)C.CCN(c1ccc(c(c1)C)N)CCNS(=O)(=O)C,-0.918390593,7.2952,836.994
C8489,ZSPPPAFDNHYXNW-FMQUCBEESA-N,N#CCCN(c1ccc(cc1)/N=N/c1ccc(cc1)[N+](=O)[O-])CC,-0.907620919,5.27338,323.349
C8643,VIULBFHXDPUWIL-UHFFFAOYSA-N,CC[Sn](O[Sn](CC)(CC)CC)(CC)CC,-0.746436269,5.0134,427.768
C8793,JROGBPMEKVAPEH-GXGBFOEMSA-N,CC[C@H]1CN2CCc3c([C@@H]2C[C@@H]1C[C@H]1NCCc2c1cc(OC)c(c2)OC)cc(c(c3)OC)OC.Cl.Cl,-0.52489577,6.8141,553.561
C9036,GUBNMFJOJGDCEL-UHFFFAOYSA-N,CCN(CCOC(=O)C1(CCCCC1)C1CCCCC1)CC.Cl,-0.141075837,5.2042,345.948
C9526,XLDKUDAXZWHPFH-UHFFFAOYSA-N,NCCCNCCCCNCCCN.Cl.Cl.Cl.Cl,0.458198661,5.0338,348.184
